canonical_product_id,source,asset_stem,product_name_th,product_name_en,description_th,category,sku,barcode,image_filename,image_size_bytes,image_width,image_height,image_sha256,metadata_sha256,data_completeness_percent,indexed_at
CM-122135334339113602,local_assets,122135334339113602,"อาจเป็นรูปภาพของ ข้อความพูดว่า ""ส้ม และมะนาวสด เพิ่มความสดชื่น ความ เพิ่ม สดชื่น""",,,Uncategorized,,,122135334339113602.jpg,177176,1280,1280,5804d7c696c8fe209ec4f1291917aab278e21ca327a80923db1eecc75280bc5b,706b5858756ff498565d2cd7f4944a0ba3927ce831415224ebefbef334e622d7,25.0,2026-07-11T12:27:13.892606
CM-122136704997113602,local_assets,122136704997113602,"อาจเป็นรูปภาพของ ข้อความพูดว่า ""เตรีย เตรียมพบกับ UWU พบกับ กับ ผู้ช่วย'คนใหม่ ชวย ย'คน ใหม่ ผู้ช่ว ที่รู้จ บ้าน ที่รู้ใจบ้านคุณที่สุด คุณ ที่สุด CAPTAIN MAID อ.เกั.น""",,,Uncategorized,,,122136704997113602.jpg,683135,1920,1920,c655d453229ece27a000bfec23ad3e739358a75cc9aa4f1362f479060ed6b562,876f429d516aaa5c5d453887f2031e0bd8f9cfe184d0b52bd15111ea82669e0e,25.0,2026-07-11T12:27:13.919668
CM-122109472665113602,local_assets,122109472665113602,,,,Uncategorized,,,122109472665113602.jpg,179766,1080,1350,3e18ed77cb2fab32ba4b9400ebead1408b21bb5be3e689785f4af025daf1f494,07f805724d6d004eac842989c92a1d4aa38cad85d5fb435d379a5dad00b9966b,0.0,2026-07-11T12:27:13.937122
CM-122126981481113602,local_assets,122126981481113602,,,,Uncategorized,,,122126981481113602.jpg,100487,1080,1080,03f23da4e7cacbfa121b16b45b432f8649b24340dd670215dece8d0e1685be34,07f805724d6d004eac842989c92a1d4aa38cad85d5fb435d379a5dad00b9966b,0.0,2026-07-11T12:27:13.951127
CM-122130715923113602,local_assets,122130715923113602,"อาจเป็นรูปภาพของ ผลิตภัณฑ์จัดแต่งทรงผม และ ข้อความพูดว่า ""ยังไม่เงา เงา ยังไ เราไม่หยุด PCLN Perfect Clean สายเป๊ะ สะอาดแบบทุกจุด จุดเด่น คนกลุ่มนี้จะไม่ปล่อยให้มี ""จุดเล็กๆ หลุดรอดสายตา"" ได้เลย เช็ดแล้ว ต้องเงา สะท้อนแล้วต้องใส ทุกอย่าง ต้องเป๊ะ ต้องเป๊ะ100%ความสุข 100% ความสุข คือ การเห็นบ้าน ""เรียบร้อยแบบไร้ที่ดี"" แนะนำ น้ำยาขจัดคราบหนัก ผ้าไมโครไฟเบอร์ ผ้าไม นำยาเซ็ดกระจกใสวิ้ง ใสวิ้ง 20""",,,Uncategorized,,,122130715923113602.jpg,350727,1920,1920,b02d1029d7312120e7a1720267279db92f156c6307e763374aba7d53317decd7,28a98e6f51ab63961b1c7e9b76788ab19ac60706740b5d4aa5a0db1d81e8fc76,25.0,2026-07-11T12:27:13.970441
CM-122132067549113602,local_assets,122132067549113602,"อาจเป็นรูปภาพของ สุนัข และ ข้อความพูดว่า ""ไม่ทิ้งสารเคมีตกค้าง สารเคมี คมีต ไม่ ค้าง เป็นมิตรกับสัตว์เลี้ยง ตว์เ เลี้ยง เป็น มิต มิตร รกับ CΑΡΤΑΙΝ MAID เลันไ้มิแงล""",,,Uncategorized,,,122132067549113602.jpg,188579,1440,1440,a8721afe0f2f006721ce238ca62000b3661265989be578ff09be9e3d2d8c4000,6cb169d79a10214c3858a65e938b3096a4d17986242fb7d3c36b05bce7727643,25.0,2026-07-11T12:27:13.986729
CM-122135472717113602,local_assets,122135472717113602,"อาจเป็นรูปภาพของ ข้อความพูดว่า ""ยูคาลิปตัส ตัส ขจัดกลิ่นอับ ลั่นอับ บูสต์ความเฟรช""",,,Uncategorized,,,122135472717113602.jpg,339969,1920,1920,85dbc0099cfe621b7a54a696a2e0352fa691d2fb00aa1dfc96567caacbce8143,1aef9bf846f75f5cd871ca693cf9a1ccd008c5c83fa71d427f9a9e164b3be5fa,25.0,2026-07-11T12:27:14.002133
CM-122126114253113602,local_assets,122126114253113602,,,,Uncategorized,,,122126114253113602.jpg,125205,1080,1350,d66c4db8c00a1b56eff0b1b9dfda8a9e369090c146796d3713a17c726a242ef5,07f805724d6d004eac842989c92a1d4aa38cad85d5fb435d379a5dad00b9966b,0.0,2026-07-11T12:27:14.022274
CM-122137456431113602,local_assets,122137456431113602,"อาจเป็นรูปภาพของ ‎ผลิตภัณฑ์จัดแต่งทรงผม และ ‎ข้อความพูดว่า ""‎""ผู้พิทักษ์"" ""ผู้พิ ทัก 'ی ความสะอาดในห้องนำ้ น้ำ มสะอา ใน นห้อง คราบหนักเอาอยู่ ออกฤทธิ์ลำลึก ออกฤ ว้ลึ ΓΑΡTAΙK MAID MAЮ บีโลันบทท้‎""‎‎",,,Uncategorized,,,122137456431113602.jpg,693892,1920,1920,d1f6e3f15626812d993a5bc4962efd6a7341ed5b664f235ef14b06b78da15116,feae563d641d43bd17af298bc168b3119a6948028d2d434d8e4de5144061690b,25.0,2026-07-11T12:27:14.042389
CM-122135948241113602,local_assets,122135948241113602,อาจเป็นรูปภาพของ ผลิตภัณฑ์จัดแต่งทรงผม และ ข้อความ,,,Uncategorized,,,122135948241113602.jpg,190498,920,1960,de1714d3dd59cf132e548cc95a080c480219322236bfbb671256949577c7e723,684ea2bf289ab761546a8bf4481fa0489981474bdb7b800347d592f715932541,25.0,2026-07-11T12:27:14.059564
CM-122136204561113602,local_assets,122136204561113602,"อาจเป็นรูปภาพของ ข้อความพูดว่า ""EL อ่อนโยน โยน ไม่ ไม่กัดผิวบอบบาง บอ อ่อน ผิว บอบ บอบบาง บาง""",,,Uncategorized,,,122136204561113602.jpg,432719,1920,1920,b39c78174350e6e7f8543b8f16bdd53fc527117fa48e3711e281fba4ad93841c,4d9b942b9d1f88622bb53a1535981c8c33e0cdf4dd861fdc254e416f10160081,25.0,2026-07-11T12:27:14.077800
CM-122132714319113602,local_assets,122132714319113602,อาจเป็นรูปภาพของ ข้อความ,,,Uncategorized,,,122132714319113602.jpg,171553,1080,1350,784464478ec24b35e23f82a3555dd1b381adc119b31f0304f0ab9c758f8cb513,12fcd43a840577f9be49571a390365ff36bedc9c7cd0e627e30a513246013893,25.0,2026-07-11T12:27:14.096316
CM-122132067573113602,local_assets,122132067573113602,"อาจเป็นรูปภาพของ สุนัข และ ข้อความพูดว่า ""อ่อนโยนต่อพื้นผิว อ่อน โยน ต่อ พื้น ผิว แห้งไว ไว แห้งไวไม่เหนียว ไม่ ไม่เหนียว แห้ CAPTAIN MAID หจ.นดังพง""",,,Uncategorized,,,122132067573113602.jpg,132481,1440,1440,af4ce62c07251fcbbcbe3ad94ddefd5e8584f76072650d3184615fc90abd4d22,a8fb524f21e8f09def17a3bb542feee42e17684d29def767b1efa72a74e6d8a5,25.0,2026-07-11T12:27:14.130674
CM-122130926583113602,local_assets,122130926583113602,"อาจเป็นรูปภาพของ ข้อความพูดว่า ""CAPTAIN MAID ถ้าบ้านมีฮีโร่ บ้าน มีฮีโร่ ถ้า อยากให้ กัปต้นเมด ต้น กัป ช่วยงานบ้านอะไร? ช่วยงาน นอะ C C""",,,Uncategorized,,,122130926583113602.jpg,109967,1080,1350,3c7b10207502679ad1dfccf93385cf2748ec2ad3b5ed1905640f99251b35a8a4,268eef5fa3e53f9209d799589e0f1e818dc05761acab4253aaa7440268b67906,25.0,2026-07-11T12:27:14.149272
CM-122106531987113602,local_assets,122106531987113602,,,,Uncategorized,,,122106531987113602.jpg,170657,1080,1350,d676fe6bc4d1788f93741d0c39093fe7006a806211cd4ad7b5eab2de9bf5a2e5,07f805724d6d004eac842989c92a1d4aa38cad85d5fb435d379a5dad00b9966b,0.0,2026-07-11T12:27:14.164277
CM-122118096219113602,local_assets,122118096219113602,,,,Uncategorized,,,122118096219113602.jpg,185061,1080,1350,15941e4ebbdc9dc6a4402595bf3770157d6e3c58d73806b12a75c07132d5dd96,07f805724d6d004eac842989c92a1d4aa38cad85d5fb435d379a5dad00b9966b,0.0,2026-07-11T12:27:14.180200
CM-122117266827113602,local_assets,122117266827113602,,,,Uncategorized,,,122117266827113602.jpg,142765,1080,1350,30cc8c1f72d9c5ad202bfc9cb6031b41a96efb7f30d1cec581bb50b18edfd319,07f805724d6d004eac842989c92a1d4aa38cad85d5fb435d379a5dad00b9966b,0.0,2026-07-11T12:27:14.205302
CM-122136704985113602,local_assets,122136704985113602,"อาจเป็นรูปภาพของ ข้อความพูดว่า ""FCT เตรียมพบกับ UWU บกับ TET ผู้ช่วย เตรีย 'ผู้ช่วย'คนใหม่ ย'คน ใหม่ ที่รู้ใจบ้านคุณที่สุด บ้าน คุณ ที่สุด ที่รูี้รจ CAPTAIN MAID ต.เกัน65 o ό.""",,,Uncategorized,,,122136704985113602.jpg,869508,1920,1920,2f1d60a08a0def7d99bdd14332d6bfc8a8c7ebe6807f8370cde3784ee84ddb7c,8a22d4a16c961553e687d7651625a4a959bb7d35bf225c870acda9d3d13afb84,25.0,2026-07-11T12:27:14.243279
CM-122112621633113602,local_assets,122112621633113602,,,,Uncategorized,,,122112621633113602.jpg,97053,1080,1080,f964b952fcb56c1ff4e2c8ab48f88f6082a43e0cd7600cdcfbb603801467d2c8,07f805724d6d004eac842989c92a1d4aa38cad85d5fb435d379a5dad00b9966b,0.0,2026-07-11T12:27:14.276375
CM-122136704991113602,local_assets,122136704991113602,"อาจเป็นรูปภาพของ ผลิตภัณฑ์จัดแต่งทรงผม และ ข้อความพูดว่า ""พบกับ 3 ไอเทม ใหม่ ที่จะบมาเดิมเต็มความสุขในบ้านคุณ ใน บ้าน คุณ ที่จะ ที่จะมา มาเ มาเติม ติม เต็มค มความ สุข APΤΑWM MAM MΑWW! 1ご品 rAPTAH! MAH 0 MAW 酒年 ባባንያ rAPTAAX! MAID A""",,,Uncategorized,,,122136704991113602.jpg,561420,2048,2048,d785e554ffc2998e87912206edb94587a6e5830cd438e1c724a21e81ecb82508,adad8bdd01478d62fe5090f52dc4031ef0708b3aad37ae37ef56b12288d2b707,25.0,2026-07-11T12:27:14.306825
CM-122114804085113602,local_assets,122114804085113602,,,,Uncategorized,,,122114804085113602.jpg,99263,1080,1080,88d0aa9d40082f9dc1a203853c0d4691419640d2919a48c3f84bfb06b8d69f8d,07f805724d6d004eac842989c92a1d4aa38cad85d5fb435d379a5dad00b9966b,0.0,2026-07-11T12:27:14.330507
CM-122133917613113602,local_assets,122133917613113602,อาจเป็นรูปภาพของ ผลิตภัณฑ์จัดแต่งทรงผม และ ข้อความ,,,Uncategorized,,,122133917613113602.jpg,732710,1920,1920,d7dd30968c62f28bb85846dfeb00f5337b08e627b897c9c6ef8f27ed49fd749b,684ea2bf289ab761546a8bf4481fa0489981474bdb7b800347d592f715932541,25.0,2026-07-11T12:27:14.361498
CM-122135620155113602,local_assets,122135620155113602,"อาจเป็นรูปภาพของ ข้อความพูดว่า ""ต้อนรับ ต้อ Eco- Eco-Day ด้วยกลิ่นทีทรี กลิ่น นทีทรี เฟลซ ด้วย พลังความหอมำบัดจากธรรมชาตี พลัง 100% Mitetn! সੰযললমামিন የክየቶቤ eco- day BCAPTAHR MAN TeaTreRash ดีต่อคุณดีต่อโลก"" หอม หอมสดชื่น สดชื่น ดีต่อคุณ ดีต่อโลก"" ENTadl හනකதයනන กระเสืง เรียส่ง หมุดลว""",,,Uncategorized,,,122135620155113602.jpg,377886,1920,1920,6552a6413b5c0e6ac5286c5e2ed9c5bc592c8256dfdc5a6daa2f449abfdc2cea,ba0e2dc1fc50121bf5c7e1d08e0925875023b260bf9e1c3aa9840c1bdf1f97ed,25.0,2026-07-11T12:27:14.379346
CM-122132067513113602,local_assets,122132067513113602,"อาจเป็นรูปภาพของ ‎ผลิตภัณฑ์จัดแต่งทรงผม และ ‎ข้อความพูดว่า ""‎CAPTAIN MAID เกันตับเยด สะอาดแบบอ่อนโยน... อยู่ด้วยกันได้ทุกวัน อยู่ อยู่ด้วย ด้วย กัน ได้ทุกวัน ได้ ดีต่อใข มากเลย มากเ 酒 AU ทดรวมล้ ኢበስን4 191 66ICI يان သငံခိးယ G‎""‎‎",,,Uncategorized,,,122132067513113602.jpg,151563,960,1440,b8df8b5b2d614f0a62e3c7fb2bbbc19a424d86ce5f8894dff552903c194acb47,fd6349be75894222c2ce47214641d9bc44ff3b92eac582f363045aaa767726a8,25.0,2026-07-11T12:27:14.399760
CM-122138040687113602,local_assets,122138040687113602,"อาจเป็นรูปภาพของ ข้อความพูดว่า ""สเปร์ยล้างห้องน้ำ... x Q สเปร์ยล้างห้องน้ำ สลายคราบฝังแน่น Q สเปร์ยล้างห้องน้ำ แบบโฟมแค่ฉีดทิ้งไว้ ไว้ Q สเปร์ยล้างห้องน้ำ ลดกลิ่นอับชิ้น Q สเปร์ยล้างห้องน้ำ อ่อนโยนไม่กัดกร่อนพื้นผิว ร่อน င််ပို်ဆ်ာ CAPTAN s ቢደጵያ 다한 CEar4 ar4ciAC Barthıroomn HONn Cleanier បាលាន .นช่ง เงาวัน""",,,Uncategorized,,,122138040687113602.jpg,326651,1920,1920,9a4a903b705293d10a210e0d24d88f6a936990de614bc4980c791b65a84bfa84,2b7c369cd304c0e9d83f40a8bafdb4b88823c3a4e1de1bcda1d16c0984745e17,25.0,2026-07-11T12:27:14.417717
CM-122134357263113602,local_assets,122134357263113602,"อาจเป็นรูปภาพของ ‎ผลิตภัณฑ์จัดแต่งทรงผม และ ‎ข้อความพูดว่า ""‎1 PHOSPHATE FREE อ่อนโยน อ่อนโยนปลอดภัย ปลอดภัย ภัย ดูสะอาดโดยไม่ทิ้งสารเคมีสะสม អន باه ดูสะอาด น้ำยาทำความสะอาดพื้น CAPTAIN MAID‎""‎‎",,,Uncategorized,,,122134357263113602.jpg,239239,1920,1920,7bb34e4dfc46481d1cc6fb04c28a37c700201eb9361372b6c6f20baa232e2c93,71690b316e1d0bb3b0c8da81f7757c11227a89883b9c7486cb76654b7ccdd550,25.0,2026-07-11T12:27:14.443086
CM-122128652367113602,local_assets,122128652367113602,"อาจเป็นรูปภาพของ ผลิตภัณฑ์จัดแต่งทรงผม และ ข้อความพูดว่า ""R APAH RanBeart พื้นที่ส่วนรวมหอมอ่อนโยน รวม มหอม พื้น ทีส่วน หอมอ่อ อ่อ นโยน""",,,Uncategorized,,,122128652367113602.jpg,393512,1920,1920,3cc5730ac51924fee6cb2fdc824ab7dfaa413bbe185c95fbba861930dbd93c66,7d1ab3c03e6cc243ea44fd79cb793f959cc9177c4714e43504f4895782c1d6d4,25.0,2026-07-11T12:27:14.471400
CM-122126114301113602,local_assets,122126114301113602,,,,Uncategorized,,,122126114301113602.jpg,128049,1080,1350,4ccf1958a7a6090b6854f4df91808abdc51d02ea82d7267a54a4230bbad8ef6a,07f805724d6d004eac842989c92a1d4aa38cad85d5fb435d379a5dad00b9966b,0.0,2026-07-11T12:27:14.492072
CM-122130490935113602,local_assets,122130490935113602,"อาจเป็นรูปภาพของ ‎ข้อความพูดว่า ""‎เช็ด-กู จบในบูดเดียว ในมู้ดเดี มู้ด เดียว จบใน เช็ดสะอาด สะ อาด เช็ด ไม่ทิ้งคราบ กิ้ง คราบ ไม่ ไม่ทิ้ง กูพื้น กูพื้นเงางาม งางาม ดัว ด้วยหุ่นยนต์ หุ่น ..ትፍአርያኑ းနနေမ် LA CAPTAN เิงพพอนุกทบง ทง 西 ت உிஙீடா்டம் Suk 소기에에 CAPTAIN MAID សនំកាបេក‎""‎",,,Uncategorized,,,122130490935113602.jpg,441839,2048,2048,2ab1a643e94aacec4147fc5a4ce915e003d505b81cc077e2ddb366afcf34c70c,65ce383854e6a83e8f0bc108c727362e0d20e4f54836ae4e843605aa38a1218e,25.0,2026-07-11T12:27:14.520336
CM-122129332743113602,local_assets,122129332743113602,อาจเป็นรูปภาพของ ข้อความ,,,Uncategorized,,,122129332743113602.jpg,244619,1921,1281,d57e0df9c3022c72b23b60f948f5381dc795d51a3067105f036ae8eb87c91183,12fcd43a840577f9be49571a390365ff36bedc9c7cd0e627e30a513246013893,25.0,2026-07-11T12:27:14.543927
CM-122132388495113602,local_assets,122132388495113602,"อาจเป็นรูปภาพของ ‎ผลิตภัณฑ์จัดแต่งทรงผม และ ‎ข้อความพูดว่า ""‎CAPTAIN MAID กันดั้งเทต แห้งไว ไม่เ ไม่เหนียว นียว เดินสบาย..ตั้งแต่ท้าวแรก เต่ท้ ต่ก้าวแรก เดิน เดินสบาย. รบาย. ตั้ง 臨區 سل مممااه בפצפאל กลิ่นฟลอรัส กลิ่นฟลอรัลแพสชั่นเนท กลิ่ ฟลอรัส แพสชั่นเนท‎""‎‎",,,Uncategorized,,,122132388495113602.jpg,596167,1920,1920,2ffd4c3cf51efdec8085193fb66a9328978c8e847e1c463c8272001cca380621,bd414811606780485b49ca3be7bbafeb89faf09c9ce6b6a00ad044f99af47b76,25.0,2026-07-11T12:27:14.574903
CM-122131498653113602,local_assets,122131498653113602,อาจเป็นรูปภาพของ ผลิตภัณฑ์จัดแต่งทรงผม และ ข้อความ,,,Uncategorized,,,122131498653113602.jpg,121903,1080,1350,1a02491a30d3f282be6249f314ba2382d8700136ab6ccdb42038ce11948bef60,684ea2bf289ab761546a8bf4481fa0489981474bdb7b800347d592f715932541,25.0,2026-07-11T12:27:14.603042
CM-122105187231113602,local_assets,122105187231113602,,,,Uncategorized,,,122105187231113602.jpg,165130,1080,1350,55a598c04c630fdef683196486ab3ab5568cb52ef4b2b5f90a240753bc0f55d4,07f805724d6d004eac842989c92a1d4aa38cad85d5fb435d379a5dad00b9966b,0.0,2026-07-11T12:27:14.638459
CM-122112621561113602,local_assets,122112621561113602,,,,Uncategorized,,,122112621561113602.jpg,105125,1080,1080,05fcf48800f854777f87147362bb2753ac24c94129e778b00323514f5acad7a2,07f805724d6d004eac842989c92a1d4aa38cad85d5fb435d379a5dad00b9966b,0.0,2026-07-11T12:27:14.699789
CM-122116299459113602,local_assets,122116299459113602,,,,Uncategorized,,,122116299459113602.jpg,165085,1080,1350,9384c0b52a803403e7008c0695abc5cf63b548d78eb4045268ab0fcd8f92d53d,07f805724d6d004eac842989c92a1d4aa38cad85d5fb435d379a5dad00b9966b,0.0,2026-07-11T12:27:14.719560
CM-122124020919113602,local_assets,122124020919113602,,,,Uncategorized,,,122124020919113602.jpg,101189,1200,500,5c37e789415867296b8d4033cb3eca0015a6cba87d119a09f21748a5bbd1bb12,07f805724d6d004eac842989c92a1d4aa38cad85d5fb435d379a5dad00b9966b,0.0,2026-07-11T12:27:14.740203
CM-122124017763113602,local_assets,122124017763113602,,,,Uncategorized,,,122124017763113602.jpg,121935,1000,1000,b33736e268b308ee792f16a1a20402be1cdf0a3903c729c4d28151fbcb08d933,07f805724d6d004eac842989c92a1d4aa38cad85d5fb435d379a5dad00b9966b,0.0,2026-07-11T12:27:14.757126
CM-122133059715113602,local_assets,122133059715113602,"อาจเป็นรูปภาพของ ผลิตภัณฑ์จัดแต่งทรงผม และ ข้อความพูดว่า ""CAPTAIN MAID ภับดัอเบาด น้ำยาถูพื้นที่เหมาะกับ กับ ทุกคนในครอบครัว รัว ต้อง กัป ตัน เมด กัปตันเมด .ฟ ลดกลิ่น ลื่น vu, อี่, อาหาร แห้งไวไม่ทิ้งรอยเท้า ใช้สารสกัดหลักจากพืช 年 一 一愛う ELIMINATE DRYING PLANT BASED น้ำยาทำความสะอาดพื้น น้ำยาทำความสะอาดพื่ม วาบสะอาดพื้น CAPTAIN MAID TEATREAS.AOAL.SONON. TEA TREE FLASH, FLORAL PASSIONNATE, LAVENDER KERRY ถูกใจบ้าน สะอาดแบบใจคุณ""",,,Uncategorized,,,122133059715113602.jpg,281284,1080,1350,7f110a7aa680a8ec3b11eb8d6b553a69fb9fc8b2955568fb4a8ebbaa2dbfdc9f,07ce391cb26041dd8697eddd935f0b6436b579f6de8cb3e39e7277bdacd5e051,25.0,2026-07-11T12:27:14.783765
CM-122128652325113602,local_assets,122128652325113602,"อาจเป็นรูปภาพของ ผลิตภัณฑ์จัดแต่งทรงผม และ ข้อความพูดว่า ""1 MAID ារត CAPTAIN ทชห I Tno พื้นที่ห้องครั้วหอมสดชื่น สคซีน พื้น ท่ห้อง ครัว หอมส ขบุวัขา""",,,Uncategorized,,,122128652325113602.jpg,338251,1920,1920,43e72b59bf0edbe75889cbdbd1abac37fbbcf9d8d4725bd7c5de7408b18b4b7a,f3164af1521298ac0da6959f9775cd3d113ee69a2d56418243836446f9450d8a,25.0,2026-07-11T12:27:14.807188
CM-122119062837113602,local_assets,122119062837113602,,,,Uncategorized,,,122119062837113602.jpg,196577,1080,1350,4f2528f08d7379f36e5478800be338e8989cda751b5864d4d8e12184f7f04ad7,07f805724d6d004eac842989c92a1d4aa38cad85d5fb435d379a5dad00b9966b,0.0,2026-07-11T12:27:14.828099
CM-122128044069113602,local_assets,122128044069113602,"อาจเป็นรูปภาพของ ผลิตภัณฑ์จัดแต่งทรงผม และ ข้อความพูดว่า ""ก่อนหยุดยาว ก่อน สกาห บ้าน เป็น สภาพบ้านเป็นแบบไหน? บไหน? พร้อมรับแขก พร้อมพักผ่อน พร้อม ักผ่อน พร้อมจัดการด่วน 限 คาวย .편원, 간성들전 .湯 หอมอ่อนโยน しで ENES หอมผ่อนคลาย . 오그보 alclan หอม หอมสดชื่น เดชื่น สภาพไหน กัปตันเมด ก็เอาอยู่! CAPTAIN MAID นนิเษษ นิลบ""",,,Uncategorized,,,122128044069113602.jpg,380731,1920,1920,2369b1899a26720149cd54d138960d5578e2c86a5b9483c44452edb3da6acdd8,d84bc3607860d8882222507d6650adf970477594416b9868390e86a434fc2272,25.0,2026-07-11T12:27:14.882471
CM-122135948253113602,local_assets,122135948253113602,"อาจเป็นรูปภาพของ ข้อความพูดว่า ""พิมเสน พิม เสน ล็อคกลิ่นหอมยาวนาน ลิ่น ล็อคก อมยา""",,,Uncategorized,,,122135948253113602.jpg,445762,1920,1920,9d56053b6d967dfff9e4920bfd54c085463d07baa546dc84f2caa63e3f37e9b0,5ea4d2429d2e36b81c75c27ea184789b61c192ef95d951ce6abd1223b23dc87d,25.0,2026-07-11T12:27:14.908379
CM-122136352317113602,local_assets,122136352317113602,"อาจเป็นรูปภาพของ ข้อความพูดว่า ""พื้นแห้งไว น้องวิ่งเพลิน น้อง งวิ่ง พลิน พื้น เห้งไว""",,,Uncategorized,,,122136352317113602.jpg,467312,1920,1920,2dac13c2681382c85976e54ecc521c46806319c5643ab197b2982737f283c1a3,7bbfeb5c85ebeb28027763b7af258abf93bf26921ecf51169b0412a7a501d7be,25.0,2026-07-11T12:27:14.925518
CM-122136352305113602,local_assets,122136352305113602,"อาจเป็นรูปภาพของ ‎ข้อความพูดว่า ""‎ปก ปกป้อ ปกปองอุ้งเท้า และจมูกไวสัมผัส ไวส้ม ส้ม ผัส ท้า และจ ไว หตนย CAPAM กไม กัิร -и F 2 ح NL 1o ด้วยความสะอาดที่ปลอดภัย วามสะอา สะอาด ที่ป ปลอด ด้วย ลอดภัย ภัย ನನುವಯಕయಕಣ m ต้ดตดกมา বत‎""‎",,,Uncategorized,,,122136352305113602.jpg,549683,1920,1920,25a792b16d7335734615d1bcaa2c7595afb5fbb97d6b518c04474e463bda469b,c25362730d2394cfe54e3ef98d8cad8ddb35d993b90dc7cac9f166ba5ed0cdcf,25.0,2026-07-11T12:27:14.953608
CM-122124885069113602,local_assets,122124885069113602,,,,Uncategorized,,,122124885069113602.jpg,195338,1982,826,7e7dfce7dc45fa8af321c25aff26777b6138bc9404f5766e485b2df697171233,07f805724d6d004eac842989c92a1d4aa38cad85d5fb435d379a5dad00b9966b,0.0,2026-07-11T12:27:14.975569
CM-122124809829113602,local_assets,122124809829113602,,,,Uncategorized,,,122124809829113602.jpg,293992,1921,1280,0b3b1c066b2a828d0104bb3332413379bc4af415d235c1138cf0de15e5751c3f,07f805724d6d004eac842989c92a1d4aa38cad85d5fb435d379a5dad00b9966b,0.0,2026-07-11T12:27:14.998827
CM-122133188793113602,local_assets,122133188793113602,"อาจเป็นรูปภาพของ ยา และ ข้อความพูดว่า ""CAPTAIN MAID พินด เคยมั้ย... เคย มั้ย. เคยมั้ย...ดูแล้วเหนียว? เหนียว? ล้ว ปัญหาไม่ใช่ความสะอาด ปัญ ามส แต่คือ ""ความรู้สึกหลังกู"" ""ความ ー S-""",,,Uncategorized,,,122133188793113602.jpg,359997,1920,1920,dabe1d410f7ac39de272e8b4f1fc49eca057c2212a43ada958821da014518516,3f0f1da8111541a21f1b35519a1554928fba25818e1b7f6d581125293ee340f6,25.0,2026-07-11T12:27:15.030003
CM-122130926751113602,local_assets,122130926751113602,"อาจเป็นรูปภาพของ ข้อความพูดว่า ""CAPTAIN MAID ระหว่าง... เช็ด กระจก ቃ จัด ห้องนอน""",,,Uncategorized,,,122130926751113602.jpg,88261,1080,1350,70a3d62208bf9e07de114864d51f1f337a6552163851fd2509bb594af34f6469,922fa9695fc6ec3baa76a91f0ab4ca2b913fd39b04896690f267e21a2aa9542f,25.0,2026-07-11T12:27:15.047004
CM-122136352299113602,local_assets,122136352299113602,"อาจเป็นรูปภาพของ ‎ข้อความพูดว่า ""‎לשמווור 税 กลิ่นหอมธรรมชาติ ชาติ ไม่อุน กลิ่น หอม มธรรม ไม่แสบจมูทสัตว์เลี้ยง สบจมู ไม่เ เลี้ยง‎""‎",,,Uncategorized,,,122136352299113602.jpg,550104,1920,1920,56a7e7ffd1ed126ab164cbbb8d8e75cac34fea2769e43c76e5240d55a127cbb4,37e4f34d0bfa5fbfc311cf8630f3ed215c69bdc1100ce852e7514729b408fd44,25.0,2026-07-11T12:27:15.085528
CM-122128446039113602,local_assets,122128446039113602,"อาจเป็นรูปภาพของ ข้อความพูดว่า ""ত১ สวัสดี ปีใหม่ไทย መርጋቦ ลง บ้านสะอาด สิ่ง รับสิ่งดีๆ ดีๆ""",,,Uncategorized,,,122128446039113602.jpg,254868,1920,1920,9133efa436180fa0049664f3ce03b8450ed999f8141c36553307d5cdf366744c,fd0bb77c9e89c54c58e0acb8cdaaebdc9b4154edfa86f4adae12ebf52915ba1c,25.0,2026-07-11T12:27:15.114828
CM-122131576653113602,local_assets,122131576653113602,อาจเป็นรูปภาพของ ข้อความ,,,Uncategorized,,,122131576653113602.jpg,362879,1108,1477,96fb515d309e612d496e1aff59bdd1b7b410ea540c24698ae94b2a02dae05bb5,12fcd43a840577f9be49571a390365ff36bedc9c7cd0e627e30a513246013893,25.0,2026-07-11T12:27:15.144467
CM-122131576533113602,local_assets,122131576533113602,อาจเป็นรูปภาพของ ผลิตภัณฑ์จัดแต่งทรงผม และ ข้อความ,,,Uncategorized,,,122131576533113602.jpg,515656,1477,1108,2339b68422671e8da976e5516696a9d0c4b5016743bb212fdfdaa81b71416f2e,684ea2bf289ab761546a8bf4481fa0489981474bdb7b800347d592f715932541,25.0,2026-07-11T12:27:15.172966
CM-122130715791113602,local_assets,122130715791113602,"อาจเป็นรูปภาพของ ผลิตภัณฑ์จัดแต่งทรงผม และ ข้อความพูดว่า ""CΑPTΑUH MAID เกันเต้มแต คุณมี CPΤΙ CLEAN PERSONALITY TYPE INDICATOR แบบไหน? บุคลิกทำความสะอาดที่เป็นคุณ HIA PIAA HOSLUN""",,,Uncategorized,,,122130715791113602.jpg,312352,1920,1920,9037f42daad01fd5923b3d425ec33dffa6d3648d97ebca4488f4194dee09d63f,d0035459e0b0959cd9d61996b62a81f94148438108808b7563cded97fd3f5084,25.0,2026-07-11T12:27:15.231019
CM-122104615347113602,local_assets,122104615347113602,,,,Uncategorized,,,122104615347113602.jpg,64812,928,928,82af1b8241a8b82c821609678cb2b366d8a775879136f0290ed3671dbc3bc272,07f805724d6d004eac842989c92a1d4aa38cad85d5fb435d379a5dad00b9966b,0.0,2026-07-11T12:27:15.257946
CM-122134357329113602,local_assets,122134357329113602,"อาจเป็นรูปภาพของ ‎ข้อความพูดว่า ""‎มั่นใจทุกสัมผัส... ส้ม ปลอดภัย ด้วยสูตร 5 FREE Or ن น้ำยาทำความสะอาดพื้น CAPTAIN MAID‎""‎",,,Uncategorized,,,122134357329113602.jpg,322229,1920,1920,42bf8e915421b209472a78aa2aada29f14ad5c72b4f6eb26e494f80acbee0df8,019448a5a852f8feb4531dfd4cb6beabd1f074fb2591d447a64be9fc112f1401,25.0,2026-07-11T12:27:15.282194
CM-122134357293113602,local_assets,122134357293113602,"อาจเป็นรูปภาพของ ข้อความพูดว่า ""5FORMALDEHYDEF ไม่มีสารระเผยอันตรายปนเปื้อน ตรา FREE ไม่มีสารระเหย หยอับ เปื้อ ปื้อน ในอากาศภายในบ้าน ในอาก น้ำยาทำความสะอาดพื้น CAPTAIN MAID""",,,Uncategorized,,,122134357293113602.jpg,245713,1920,1920,f67703a4abdf0ef6145631d31fb538551fc363e19eace1e2b1c3de1ba23d06d9,71a2c83df4c29905a04e9b1f021ed41306da23cd94a508cb454370b68551d638,25.0,2026-07-11T12:27:15.300156
CM-122137722369113602,local_assets,122137722369113602,"อาจเป็นรูปภาพของ น้ำหอม, ผลิตภัณฑ์จัดแต่งทรงผม และ ข้อความ",,,Uncategorized,,,122137722369113602.jpg,2556561,1920,1920,b54e124f2b3073418062e4676295552bce0ecb653ae11097ffb10cb79e33b48e,0713b3ad9949b5ba2cc508081ed99599d2f7396833035a9dc6e7bf1a9f52c992,25.0,2026-07-11T12:27:15.371894
CM-122131380495113602,local_assets,122131380495113602,"อาจเป็นรูปภาพของ ‎ผลิตภัณฑ์จัดแต่งทรงผม และ ‎ข้อความพูดว่า ""‎CAPTAIN MAID กังจ้งแข็ด 小業 ฟู้เฟ 黛祭 ความสะอาด... ะอาด... ควา ไม่ใช่แค่สิ่งที่มองเห็น เห็น ไม่ใช่ ใช่เ เค่ิ่ง สิ่งที่ อที่มง 八ラ ه แต่คือความสบายที่คณรู้สึได้ทุว แต่คือความสบายที่คุณ‎""‎‎",,,Uncategorized,,,122131380495113602.jpg,287611,1920,1920,2d1de5254196d2d93cac8eb9f451f978b3d3fca6be48cb55d179010e5d29ab37,6473ddc7668893c3d4574fb6efac732b0024d4dbbdd39b340d1e22e5f9762a53,25.0,2026-07-11T12:27:15.395597
CM-122124017937113602,local_assets,122124017937113602,,,,Uncategorized,,,122124017937113602.jpg,134026,1080,1350,2100a803c6bf647d4666a5ebc0b5cf36f01ed665e609825b3be5f970f8476113,07f805724d6d004eac842989c92a1d4aa38cad85d5fb435d379a5dad00b9966b,0.0,2026-07-11T12:27:15.415110
CM-122130926685113602,local_assets,122130926685113602,"อาจเป็นรูปภาพของ ข้อความพูดว่า ""ΑΡTΑΪΝ MAID ระหว่าง... เช็ด ครัว ล้าง ตู้เ ตู้เย็น""",,,Uncategorized,,,122130926685113602.jpg,87439,1080,1350,f987e6b496c05a9d47326253fd356d11ad2a6691ccf30a59180c4458f0e9d98e,faaf6f62170f378adf9b79a54a28963c509422fa69f8254fb5b896323cee4099,25.0,2026-07-11T12:27:15.454789
CM-122130715809113602,local_assets,122130715809113602,"อาจเป็นรูปภาพของ ผลิตภัณฑ์จัดแต่งทรงผม และ ข้อความพูดว่า ""เดี๋ยวก่อน เดี๋ย ยัง ยังไม่ว่าง ว่าง DLAY Delayer สายผัด สายเลื่อน จุดเด่น ไม่ใช่ไม่อยากกำ...แค่ ""ยังไม่ถึงเวลา"" มักจะปล่อยไว้ก่อน แล้วค่อยรวบทำ ทีเดียว ถ้ามีตัวช่วยที่ทำให้เร็วและง่าย = =พร้อมเริ่มทันที แนะนำ นำายากูพื้นแบบไม่ต้องบัดแรง Multi-purpose cleaner อุปกรณ์ทำความสะอาด Iluuall-in-one မံွှေဆောာင်း T""",,,Uncategorized,,,122130715809113602.jpg,339334,1920,1920,f268aa1a2c76724ab8660b0763030772a363902d6471a27175c9d4634ffed6a2,65c9e0819d893f4c2ca1cc6a34ece682a8016feb1004c8f9bed2a6782ec8055c,25.0,2026-07-11T12:27:15.498522
CM-122138187471113602,local_assets,122138187471113602,"อาจเป็นรูปภาพของ ข้อความพูดว่า ""一城 พลังสยบคราบมัน ราบ มัน คราบไหม้ ไหม้ คราบ -MArOP CAPTAAM MAID SSI य Kitchen Multi-Purpose Multi- ulti-Purpose Cleaner แริงคร้านครั่ม อสู่หนค மரிழரிா்""",,,Uncategorized,,,122138187471113602.jpg,609400,1920,1920,252ba22f634945d1031c1cee27dccac71a1d7fe68343f675d7cd431951d55c03,2dcffb5a2207ff2400397f5cc766a0fc9ea676c36bd0a81580599b826ac65964,25.0,2026-07-11T12:27:15.548786
CM-122136485979113602,local_assets,122136485979113602,,,,Uncategorized,,,122136485979113602.jpg,7699,1284,735,1f6604b1c2f2d6a5b98dc934d2c1e0f9ca24afaec8590e284c2846a2ab5a7d68,07f805724d6d004eac842989c92a1d4aa38cad85d5fb435d379a5dad00b9966b,0.0,2026-07-11T12:27:15.599591
CM-122134357203113602,local_assets,122134357203113602,"อาจเป็นรูปภาพของ ข้อความพูดว่า ""2 2SLSFREE SLS FREE ไม่ทิ้ง ไม่ ไม่ทิ้งคราบเหนียว ทิ้ง คราเ เหนียว ไม่กัดกร่อนผิว กัด ไม่กั้ด นผิว 3л1 น้ำยาทำความสะอาดพื่น CAPTAIN MAID""",,,Uncategorized,,,122134357203113602.jpg,194828,1920,1920,9dfa353cc428f81a87b4e59d13cce8ba055dac8059df194a6a1d3a424494392d,26f77d7c9b26a727ad2f818985a66da195dda5c088f007593632fcad0982d705,25.0,2026-07-11T12:27:15.623834
CM-122135334255113602,local_assets,122135334255113602,อาจเป็นรูปภาพของ ผลิตภัณฑ์จัดแต่งทรงผม และ ข้อความ,,,Uncategorized,,,122135334255113602.jpg,115293,720,1440,6833d0280fe418ca2fa0956a339a85cd7eabf1fd37956fbb131fcf63bf369578,684ea2bf289ab761546a8bf4481fa0489981474bdb7b800347d592f715932541,25.0,2026-07-11T12:27:15.672451
CM-122126981523113602,local_assets,122126981523113602,,,,Uncategorized,,,122126981523113602.jpg,92957,1080,1080,2f8630427c66418edbdfe457578738e318fc16cda7ede53d09929263ad1770eb,07f805724d6d004eac842989c92a1d4aa38cad85d5fb435d379a5dad00b9966b,0.0,2026-07-11T12:27:15.699658
CM-122098791063113602,local_assets,122098791063113602,,,,Uncategorized,,,122098791063113602.jpg,16786,1290,1290,7ec4909ae089f0ce140bdbc9e237c15d2714e4a8f360ad7050e1b254332cdaeb,07f805724d6d004eac842989c92a1d4aa38cad85d5fb435d379a5dad00b9966b,0.0,2026-07-11T12:27:15.715700
CM-122139298035113602,local_assets,122139298035113602,"อาจเป็นรูปภาพของ ผลิตภัณฑ์จัดแต่งทรงผม และ ข้อความพูดว่า ""จบปัญหาคราบมันกระเด็นเลอะเทอะ เลอะ เลอะเทอะ จบป ราบ มัน กระ เด็น กับตันเมด ตัน เมด ตัวจ ตัวจริงเรื่อง กับ ตัวจริงเรื่องสลายคราบหนัก เรื่อ CAPIA -Ham LAI иυ くだケ ለኅርሮ Caridos Kibohen KibchenClean Clearter atki បឈជា្ម្ព DIPLN 切..""",,,Uncategorized,,,122139298035113602.jpg,1028001,1920,1920,55fa82891f9862c3c5926d4eb44c7ca2ff681fec22b309d1d9a85648b97ffab4,0cacd7564cb7c6a69d0b3d5befa2b14acfcbc9f5a7db2d3e7251111aa5c98830,25.0,2026-07-11T12:27:15.753693
CM-122135948259113602,local_assets,122135948259113602,"อาจเป็นรูปภาพของ ข้อความพูดว่า ""ยูคาลิปตัส ยูคา ตัส ขจัดกลิ่นอับ นอับ จัดก บูสต์ความเฟรช เฟรช រិម""",,,Uncategorized,,,122135948259113602.jpg,650766,1920,1920,1f3141b101af770f2c83a8eb1e981b46e02780f4e83c98eeafce8dafe745e265,1b0d6e2b666e9f8d20d199f4bb7741afe9178b00f9928292d8d0f260a08e6bc5,25.0,2026-07-11T12:27:15.781921
CM-122127430305113602,local_assets,122127430305113602,,,,Uncategorized,,,122127430305113602.jpg,122855,1000,1000,e4b6229573e6228e6655b5c179473910bbc112c7eccc745a8dea1a034386b911,07f805724d6d004eac842989c92a1d4aa38cad85d5fb435d379a5dad00b9966b,0.0,2026-07-11T12:27:15.800375
CM-122112621525113602,local_assets,122112621525113602,,,,Uncategorized,,,122112621525113602.jpg,183036,1620,1080,0c5f25b091dbafe427d0273f7e23e884e274f391eda3d907edb7059fed4acba4,07f805724d6d004eac842989c92a1d4aa38cad85d5fb435d379a5dad00b9966b,0.0,2026-07-11T12:27:15.820169
CM-122104615473113602,local_assets,122104615473113602,,,,Uncategorized,,,122104615473113602.jpg,497618,3089,1356,998ecce2045d3419dc7164e2963d8dc8b6853524c4f2c88bed67a6aaa76d6e7a,07f805724d6d004eac842989c92a1d4aa38cad85d5fb435d379a5dad00b9966b,0.0,2026-07-11T12:27:15.847362
CM-122119649661113602,local_assets,122119649661113602,,,,Uncategorized,,,122119649661113602.jpg,158814,1080,1350,b63f1e568f9c2a90222b1e57ec2584a548b501e5056a3d4d2e3b9eadfdbf7b5d,07f805724d6d004eac842989c92a1d4aa38cad85d5fb435d379a5dad00b9966b,0.0,2026-07-11T12:27:15.870528
CM-122122638897113602,local_assets,122122638897113602,,,,Uncategorized,,,122122638897113602.jpg,215634,1080,1350,76225bd874cb10f1d336fec08dc8698f1a5dfe90361c1691f7b4a3ccc6c6cc72,07f805724d6d004eac842989c92a1d4aa38cad85d5fb435d379a5dad00b9966b,0.0,2026-07-11T12:27:15.899343
CM-122127494181113602,local_assets,122127494181113602,,,,Uncategorized,,,122127494181113602.jpg,272282,2400,1000,fd399678808ae5b637d031a9f209503c88327bc010062de7e45e4d95e211e84d,07f805724d6d004eac842989c92a1d4aa38cad85d5fb435d379a5dad00b9966b,0.0,2026-07-11T12:27:15.935676
CM-122117266905113602,local_assets,122117266905113602,,,,Uncategorized,,,122117266905113602.jpg,131347,1080,1350,ec27a8f84919657eb61e54b7be585ef0134d08594a4bdd9383d759f604460b0e,07f805724d6d004eac842989c92a1d4aa38cad85d5fb435d379a5dad00b9966b,0.0,2026-07-11T12:27:15.957581
CM-122119649775113602,local_assets,122119649775113602,,,,Uncategorized,,,122119649775113602.jpg,166734,1080,1350,19e9e6bc902d536f54a4b84a07920ee8944a2a1ccdeb7acce4b9f4f9a16793c1,07f805724d6d004eac842989c92a1d4aa38cad85d5fb435d379a5dad00b9966b,0.0,2026-07-11T12:27:15.985322
CM-122132375853113602,local_assets,122132375853113602,"อาจเป็นรูปภาพของ ผลิตภัณฑ์จัดแต่งทรงผม และ ข้อความพูดว่า ""CAPTAIN ΜΑЮ กันลักนว แค่บ้านหอม... แค่ หอม... บรรยากาศก็เปลี่ยน บรรยากา ก็ ปลี่ ปลี่ยน ンのル ""ในโน่อิโวล่า சே்ில் 고르 த்் กัปตันเมด กลิ่นทีทรี กัปตันแมตกลิ่นทีทรีแฟลช แฟลช""",,,Uncategorized,,,122132375853113602.jpg,383877,1920,1920,e98097b407394ed237cafe7e625e3a60c8aa976c3e9215fbbc70558337be4890,ec378493f36ff57a3d58176ee107bcea919ed597f39b592ffa171280fe441639,25.0,2026-07-11T12:27:16.023071
CM-122132067603113602,local_assets,122132067603113602,"อาจเป็นรูปภาพของ ข้อความพูดว่า ""เพราะบ้านที่ดี ที่ดี ต้อง ต้องปลอดภัย เพราะ บ้าน ทั้ง ทั้ง""คุณ"" ทั้ง""คุณ""และ""เขา"" คุณ"" และ ""เขา"" CAPTAIN MAID เก้นบินงศ""",,,Uncategorized,,,122132067603113602.jpg,179547,1440,1440,41e08091acaf149c4ec51d4a2fed770655084405caaeaaf530cc3486fadd84c2,21d19dae4fd0eb2f76893fe79dbd700798bd15421e005e442d45fba75a76f998,25.0,2026-07-11T12:27:16.082950
CM-122139042807113602,local_assets,122139042807113602,อาจเป็นรูปภาพของ ข้อความ,,,Uncategorized,,,122139042807113602.jpg,583267,1920,1920,c04245e1821ad08c3aca8d55420bf3e96fe39116252f681e770a391b604d0a43,12fcd43a840577f9be49571a390365ff36bedc9c7cd0e627e30a513246013893,25.0,2026-07-11T12:27:16.118163
CM-122135224473113602,local_assets,122135224473113602,"อาจเป็นรูปภาพของ ‎ผลิตภัณฑ์จัดแต่งทรงผม และ ‎ข้อความพูดว่า ""‎กลิ่นฟลอรัล กลิ่น แพส แพสชันเนท หอมละมุน สะอาดแบบบ้านน่าอยู่ ن ಸಟ್ಟುರಿ 古‎""‎‎",,,Uncategorized,,,122135224473113602.jpg,223665,1920,1920,c64829a38f1e2c1f1d9253857944b828363965c32669daafa33a116512c37728,0cdde47a897046e8cb1cb074630bf73e06a16183ec2bbfd9517e2b7e1e3b1b91,25.0,2026-07-11T12:27:16.161896
CM-122138695233113602,local_assets,122138695233113602,อาจเป็นรูปภาพของ ข้อความ,,,Uncategorized,,,122138695233113602.jpg,1391543,1280,1920,4fc3cf5bc2e8071ff7143961966ecfbf8932fc14ea16a4a44f7614479352bb94,12fcd43a840577f9be49571a390365ff36bedc9c7cd0e627e30a513246013893,25.0,2026-07-11T12:27:16.212466
CM-122128654701113602,local_assets,122128654701113602,"อาจเป็นรูปภาพของ ‎ผลิตภัณฑ์จัดแต่งทรงผม และ ‎ข้อความพูดว่า ""‎SONGKRAN ల สาดโปรแรง! تب 12-16 เมษายน 2569 ลดสูงสุด 20% ซื้อครบ ซื้อครบ800 800 ลดเพิ่ม 7% CAP กดกล ส่งฟรี! FREOA FREe/ o ไม่มีขั้นต่ำ ทุกออเดอร์ 정생정 ပြဘတာရြင်သ် சய்சப்யல் 06 営‎""‎‎",,,Uncategorized,,,122128654701113602.jpg,231047,1920,800,ad237638b6de760a569401e688d83ea75b137b4f91123b202f9a583910ecd7eb,e5e85bc1e841527b01ac92b0c3e1617ed540d89b0d24bd83f45a5106814ec495,25.0,2026-07-11T12:27:16.232697
CM-122124809919113602,local_assets,122124809919113602,,,,Uncategorized,,,122124809919113602.jpg,330215,1920,1920,06118112075df63e8595da21ecc225f0e27668fef1490b0360830353fb830893,07f805724d6d004eac842989c92a1d4aa38cad85d5fb435d379a5dad00b9966b,0.0,2026-07-11T12:27:16.252201
CM-122136061221113602,local_assets,122136061221113602,อาจเป็นรูปภาพของ ข้อความ,,,Uncategorized,,,122136061221113602.jpg,121180,960,1920,27a8deb6d5c7ded71517b890560ed66ba05db6630512197bfcb5c4fb9f73e752,12fcd43a840577f9be49571a390365ff36bedc9c7cd0e627e30a513246013893,25.0,2026-07-11T12:27:16.270093
CM-122126114175113602,local_assets,122126114175113602,,,,Uncategorized,,,122126114175113602.jpg,142687,1000,1000,db58f42d896a40b2b22f38763e4ba0716b18f6d4deaec42c356bc3d8553efe17,07f805724d6d004eac842989c92a1d4aa38cad85d5fb435d379a5dad00b9966b,0.0,2026-07-11T12:27:16.308281
CM-122124809961113602,local_assets,122124809961113602,,,,Uncategorized,,,122124809961113602.jpg,286824,1920,1920,1456349bfc57cf14fd0954ab853ddecdcdfed282b84c1fc3923b3fd646ac28b5,07f805724d6d004eac842989c92a1d4aa38cad85d5fb435d379a5dad00b9966b,0.0,2026-07-11T12:27:16.332527
CM-122137517385113602,local_assets,122137517385113602,อาจเป็นรูปภาพของ ผลิตภัณฑ์จัดแต่งทรงผม และ ข้อความ,,,Uncategorized,,,122137517385113602.jpg,730832,2000,2000,a645392d9772cf31d27b77f589a94fa04786e02fcbbef006255f336e02217506,684ea2bf289ab761546a8bf4481fa0489981474bdb7b800347d592f715932541,25.0,2026-07-11T12:27:16.357917
CM-122135334279113602,local_assets,122135334279113602,"อาจเป็นรูปภาพของ ผลิตภัณฑ์จัดแต่งทรงผม และ ข้อความพูดว่า ""Pimenta Berry หอมสดใส ไม่เลี่ยน ไม่อุนกึก""",,,Uncategorized,,,122135334279113602.jpg,214463,1280,1280,ba5d1007deedf5666ecb60f8d00eafe6a1299de9352ea3d62a01d9215ac51103,11af910ee355e475b55619a1d117b0c1feb294769f1d6dd8d8569938b0bd51d6,25.0,2026-07-11T12:27:16.377024
CM-122136704979113602,local_assets,122136704979113602,"อาจเป็นรูปภาพของ ข้อความพูดว่า ""เตรีย JWU เตรียมพบกับ พบกับ กับ 'ผู้ช่วย 'ผู้ช่วย'คนใหม่ 'Aul ใหม่ 'ผู้ช วย'ค ที่รู้ใจบ้านคุณที่สุด คุณ ที่สุด ที่รู้จ บ้าน CAPTAIN MAID .เก้นนใ""",,,Uncategorized,,,122136704979113602.jpg,771699,1920,1920,c1fda97a7801bfd13eb77543a88b6049a664e06d1ee6f91e0100c8b014210f1a,299f8504d8ab45e01145182bf77c53fa59145051e3e7b8b8a09b5d756c69e2ec,25.0,2026-07-11T12:27:16.403572
CM-122130715965113602,local_assets,122130715965113602,"อาจเป็นรูปภาพของ ‎ผลิตภัณฑ์จัดแต่งทรงผม และ ‎ข้อความพูดว่า ""‎ขอแบบ เร็ว ง่าย FAST FAST FAST&Eff & Effective สายด่วน สายด่วนไวได้ผลเร็ว ไว ได้ผลเร็ว จุดเด่น สายนี้เน้น ""เร็ว แต่ต้องจบ"" ไม่ซอบ เสียเวลา ขัดนานไม่ได้ ต้องเห็นผลทันที ยิ่งใช้ง่าย ยิ่งตอบโจทย์ชีวิตที่เร่งรีบ 代 小小小 כרל 로 عم adan แนะนำ น้ำยาสูตรเข้มข้น สเปรย์ใช้งานทันที อุปกรณ์เบา ใช้ง่าย จบไวในรอบเดียว 성보9 温町‎""‎‎",,,Uncategorized,,,122130715965113602.jpg,347877,1920,1920,5ed49a08abdce543379ad1bc6e7648ade05ca48a5400f8d28391c4883319972c,0e6f897921780dd4189e48bf29c16a08d1a0cf887a996eb16d9f85e2e737628d,25.0,2026-07-11T12:27:16.427113
CM-122133132987113602,local_assets,122133132987113602,"อาจเป็นรูปภาพของ ‎ผลิตภัณฑ์จัดแต่งทรงผม และ ‎ข้อความพูดว่า ""‎CAPTAIN คนรัก MAID คนรักบ้านฟังทางนี้ รัก บ้าน ฟัง សិងវសន งนี้ น้ำยาดูพื้น กัปตันเมด ตัน กัป วางจำหน่ายแล้วที่ HomePro เฉพาะสาขาจรัญสนิทวงค์ และบางบัวทอง เท่านั้น! هادت หานที่งทื่อ้จัก MAPIAIK ROBOT FRIENDLY GENTLE ON FLOOR TPaAИTий PLANT BASED မတ 4Le ကျှတ်ယရေရ ถูกใจบ้าน สะอาดแบบใจคุณ‎""‎‎",,,Uncategorized,,,122133132987113602.jpg,244153,1080,1350,32ae8d8e8c6aacff2cda0e43c6efe5e826d7902661dd581d8dadb4e981eb9feb,08ed87a4db8aa925705c3cfa0f560465326507bf20e7a1b534818d9dd0f521da,25.0,2026-07-11T12:27:16.445507
CM-122130926625113602,local_assets,122130926625113602,"อาจเป็นรูปภาพของ ข้อความพูดว่า ""CAPTAIN MAID ระหว่าง... ดูพื้น ถู ล้าง ห้องน้ำ""",,,Uncategorized,,,122130926625113602.jpg,80165,1080,1350,015fea71e8c42859612e9cff844a1e75e81ffd22e383c86240387a35bbfa034b,5e23c91ccea8cfb3ef27c77092e0b3879728fc7d2123d5473c67330ff7495464,25.0,2026-07-11T12:27:16.467019
CM-122134626729113602,local_assets,122134626729113602,อาจเป็นรูปภาพของ ผลิตภัณฑ์จัดแต่งทรงผม และ ข้อความ,,,Uncategorized,,,122134626729113602.jpg,627495,1920,1920,840d8b85341cebeda4d30e4fc333b80c6c06583d91be4145debed5d60230a991,684ea2bf289ab761546a8bf4481fa0489981474bdb7b800347d592f715932541,25.0,2026-07-11T12:27:16.493907
CM-122135224503113602,local_assets,122135224503113602,"อาจเป็นรูปภาพของ ‎ผลิตภัณฑ์จัดแต่งทรงผม, ดอกลาเวนเดอร์ฝรั่งเศส และ ‎ข้อความพูดว่า ""‎กลิ่นลาเวนเดอร์ กล่น เดอร์ เคอรี สะอาด พร้อมความผ่อนคลายในทุกก้าว ควา กุกก้าว (ape art مگشته CUATAN รบญ 관시‎""‎‎",,,Uncategorized,,,122135224503113602.jpg,321718,1924,1924,5639ab687104347637000cc10047f5c7921ff7f3717dd787d617b6074fc29670,7582f0145d90aa345924f5f8043c1846b8ba09a5eea33c098df42e606083c1f9,25.0,2026-07-11T12:27:16.535065
CM-122135134929113602,local_assets,122135134929113602,"อาจเป็นรูปภาพของ ‎ผลิตภัณฑ์จัดแต่งทรงผม และ ‎ข้อความพูดว่า ""‎pH pH เป็นกลาง เพื่อความอ่อนโยน โดยเฉพาะ pHNeutralFormula pH Neutral Formula สารทำความสะอาด สกัดจากธรรมชาติ ดักจับคราบมัน และลิงสกปรกได้หมดจด Plant-Based Plant- nt-BasedSurfactants Based Surfactants ពៅងលីច ราคราพจะตาวนกม CΑPTAW CAP MAID Л.ИйA น้ำที่ผ่านกระบวนการ กรองบริสุทธิ์ สะอาด มั่นใจ ไร้สิ่งเจือปน AaralPassionale ForalP Passionale แเสามเกันขสนทันมทก יב Purified PurifiedWater Water ขวัดยุด‎""‎‎",,,Uncategorized,,,122135134929113602.jpg,374190,1920,1920,6850355cd2f5f6db3f889e254b6e3f32cc1a83added6c6986125149d18342092,057bd29410785201b11647bef5345fbea78cc99f3665dccdad95024255df2dbe,25.0,2026-07-11T12:27:16.601991
CM-122110410111113602,local_assets,122110410111113602,,,,Uncategorized,,,122110410111113602.jpg,211416,1080,1350,81ba979dd6cbbd2f61e0e06f07586cd07d07b1610d2679e64ae31d29f55636b5,07f805724d6d004eac842989c92a1d4aa38cad85d5fb435d379a5dad00b9966b,0.0,2026-07-11T12:27:16.620639
CM-122117266869113602,local_assets,122117266869113602,,,,Uncategorized,,,122117266869113602.jpg,138007,1080,1350,f2c2c21c9268fbf6314e234b0d1c87d78a90a534fa9f57873878a3ccd8b988ce,07f805724d6d004eac842989c92a1d4aa38cad85d5fb435d379a5dad00b9966b,0.0,2026-07-11T12:27:16.644030
CM-122128749465113602,local_assets,122128749465113602,อาจเป็นรูปภาพของ ข้อความ,,,Uncategorized,,,122128749465113602.jpg,283032,1920,1920,74018b8bb4a7f0cec6850ce3c14d6505463018b2df5bfd76748fa25120f9f20c,12fcd43a840577f9be49571a390365ff36bedc9c7cd0e627e30a513246013893,25.0,2026-07-11T12:27:16.686526
CM-122130926667113602,local_assets,122130926667113602,"อาจเป็นรูปภาพของ ข้อความพูดว่า ""CAPTAIN MAID ระหว่าง... ล้าง จาน ซักผ้า ผ้า ซัท""",,,Uncategorized,,,122130926667113602.jpg,88990,1080,1350,db358dfcf1eea7c8afd2746dcbb696a14b243eab3653213e176f98828ad51fa9,3e9eab1dfc0d60be9c424fb99dd57a05767a02b07ed94f97dfdafac5592316ba,25.0,2026-07-11T12:27:16.731233
CM-122127809673113602,local_assets,122127809673113602,"อาจเป็นรูปภาพของ ‎ข้อความพูดว่า ""‎แจก กทริค! สะอาดไวใน C1 MINUTE 1 เตรียมน้ำเปล่า ล่า 5 ลิตร พร้อมสวมถุงมือยาง 2 O ه เทกัปตันเมด 1 ฝา ผสมให้เข้ากัน 3 พร้อมถูบ้านสะอาด ทันใจใน 1 นาที** *ขึ้นอยู่กับพื้นของแต่ละบ้าน แต่ละบ้าน นขง CAPTAIN MAID กัดิงแผต‎""‎",,,Uncategorized,,,122127809673113602.jpg,310029,1920,1920,85ac7bd18f89f4cebc61daa288b0dfd26c8a325aa1cf509bad02852ca8078a25,d31007769beb1c3b92f9ce05bccb79480032391a350de3d9fe8b0dcb7633e8aa,25.0,2026-07-11T12:27:16.771206
CM-122136352311113602,local_assets,122136352311113602,"อาจเป็นรูปภาพของ ข้อความพูดว่า ""加照料 สูตรอ่อนโยน อ่อน โยน ตรอ่อน ไม่ทิ้งคราบสารเคมีตกค้าง ไม่ี สารเ เคมีตก ค้าง""",,,Uncategorized,,,122136352311113602.jpg,601849,1920,1920,4ee33ceb5aff71bdce96c323dff55ad6287f47c9f1a3036f3746afadae440833,4e2d531588c93bddde8a5722840988b30947c753096096350f10e05d894e069b,25.0,2026-07-11T12:27:16.798656
CM-122130492459113602,local_assets,122130492459113602,"อาจเป็นรูปภาพของ ข้อความพูดว่า ""BEFORE AFTER = ครัวมัน Vs ครัวพร้อมใช้งาน ร้อ CAPTAIN MAID กัมหังเบต""",,,Uncategorized,,,122130492459113602.jpg,367489,2048,2048,d11d371f53433d7c9b6aa67e3a9d31b186a1eea598ad51ecc5719066eb00b1e4,17dd83a1f86c806a9a48dca7267c43421c675ac36d633338ed2a01be019487e7,25.0,2026-07-11T12:27:16.823307
CM-122127634773113602,local_assets,122127634773113602,,,,Uncategorized,,,122127634773113602.jpg,118774,1200,1200,a88549d89957106957a24226484c804b79371619130e514acfefaa63b772c69a,07f805724d6d004eac842989c92a1d4aa38cad85d5fb435d379a5dad00b9966b,0.0,2026-07-11T12:27:16.842830
CM-122135472723113602,local_assets,122135472723113602,"อาจเป็นรูปภาพของ ฟอร์เก็ตมีน็อต, ดอกลาเวนเดอร์ฝรั่งเศส และ ข้อความพูดว่า ""ลาเวนเดอร์ โอบกอดด้วยความนุ่มลีก ลึก ชวนละมุน""",,,Uncategorized,,,122135472723113602.jpg,310295,1920,1920,3235b6ea0ced54dd281a9f2ca2333a710b57a47aab3c41e2d3916fcecebc53cd,6ba9d43831ef39aace7a0b5c38b1d3e7e4847fb98e9da1a21fa86c79c4664aa7,25.0,2026-07-11T12:27:16.865138
CM-122112170517113602,local_assets,122112170517113602,,,,Uncategorized,,,122112170517113602.jpg,208801,1080,1350,ce294fbd45685bdf6a4e46c68cc55bdf09a0b6b81288cac664a15fb3a41744c9,07f805724d6d004eac842989c92a1d4aa38cad85d5fb435d379a5dad00b9966b,0.0,2026-07-11T12:27:16.892733
CM-122133516501113602,local_assets,122133516501113602,"อาจเป็นรูปภาพของ ‎ผลิตภัณฑ์จัดแต่งทรงผม และ ‎ข้อความพูดว่า ""‎CAPTAIN MAID เต้่มต้บแม บ้านหอมสะอาด หอมสะอ บ้าน ช่วย ช่วยเยียวยาวันเหนื่อยๆ เยียว วัน หนื่อยๆ PNONILY รอ รองรับหุ่นยนต์กูพื้น สภาพ лC อ่อนโยนต่อทุกสภาพพื้นผิว ผิว ใช้สารสกัดหลักจากพืช ธนงวัดพรู์เช็กด้ صت पলा ถูกใจบ้าน สะอาดแบบใจคุณ น้ำยาทำความสะอาดพื่น บ้ยาทำความสะอาดพื่ CAPTAIN TEA ATEFLAS.LOPOLPAS TREE EEFLASH, PASSIONNATE, LAVENDERKERR‎""‎‎",,,Uncategorized,,,122133516501113602.jpg,230605,1080,1350,f0e297b1f516825c55e44bc3aa04063df79c1ceafeffd6755125524e33094a4e,939ca9839e99a463a994baab20279f407afdfc66a4b4e8a9688fcf1d178a828c,25.0,2026-07-11T12:27:16.923339
CM-122135948247113602,local_assets,122135948247113602,"อาจเป็นรูปภาพของ ข้อความพูดว่า ""ที ทรี สารฆ่าเชื้อธรรมชาติ ซื้อ ธรรมชาติ สารฆ่ ทำความสะอาดพื้นผิว น้ นผิว อาด ได้อย่างล้ำลึก""",,,Uncategorized,,,122135948247113602.jpg,236393,1920,1920,586bec3e32619eb130473ad409e7ff2408bf64216fc90b6ffca99a64b09e1e4c,c0270e31ce9b3deed9d2702ea9c3adbedf4b876a68cf2349723e1ff9bb047e7b,25.0,2026-07-11T12:27:16.943779
CM-122107735929113602,local_assets,122107735929113602,,,,Uncategorized,,,122107735929113602.jpg,156140,1080,1350,5c6fe50e175e15d87d9b46c6443f93974c059f63888daf56a3fc3a41d616e708,07f805724d6d004eac842989c92a1d4aa38cad85d5fb435d379a5dad00b9966b,0.0,2026-07-11T12:27:16.969664
CM-122138187459113602,local_assets,122138187459113602,"อาจเป็นรูปภาพของ ข้อความพูดว่า ""ผลิตทันฑ์ CAPTAH MATA HANER AOY Clear Clear Active Bathroom Cleaner ลีบหลึ่งเรื่ยง ለጣሽያ ราบคัอนน่ำ เงาว์บ พลังกำจัดคราบ จัดคราบ ราบ พลังท ทำจัด ทำ จัด และกลิ่นอับ อับ และก FreshAir D""",,,Uncategorized,,,122138187459113602.jpg,731377,1920,1920,f6379aaa745b48e41a02044aa323a80f4f24b224e9abb7e0a4553212706afc53,510ea17cff8ed17e6bd5f2de59ca56ba44a2ce8cca932206225e5aa7c13eec20,25.0,2026-07-11T12:27:17.023699
CM-122132245701113602,local_assets,122132245701113602,"อาจเป็นรูปภาพของ ผลิตภัณฑ์จัดแต่งทรงผม, ดอกลาเวนเดอร์ฝรั่งเศส และ ข้อความ",,,Uncategorized,,,122132245701113602.jpg,406311,1920,1920,23f2fb5a06272cec684f776cf2915f654eba7e43346b78c0962796d8ff4d5079,fd05bb07476114abcbeffd7f81ae39774ab60f7d836789a730c1525e9d493b24,25.0,2026-07-11T12:27:17.043231
CM-122127634821113602,local_assets,122127634821113602,,,,Uncategorized,,,122127634821113602.jpg,121069,1200,1200,a02fb0e072d103874477996b18809ee9a5d0f1c9e6a4beec35a530d6ce673548,07f805724d6d004eac842989c92a1d4aa38cad85d5fb435d379a5dad00b9966b,0.0,2026-07-11T12:27:17.058619
CM-122137638309113602,local_assets,122137638309113602,อาจเป็นรูปภาพของ ผลิตภัณฑ์จัดแต่งทรงผม และ ข้อความ,,,Uncategorized,,,122137638309113602.jpg,267964,2048,2048,4da965eefeb29ddda7ebe843ba41e48b9afd5e4434c3e943fb649fa7d0e61038,684ea2bf289ab761546a8bf4481fa0489981474bdb7b800347d592f715932541,25.0,2026-07-11T12:27:17.078141
CM-122136061227113602,local_assets,122136061227113602,"อาจเป็นรูปภาพของ ผลิตภัณฑ์จัดแต่งทรงผม และ ข้อความพูดว่า ""ปราศจากสารเคมีรุนแรง ีรูน แรง สาร 5 ชนิด mnute FREE Phosphate ไม่ทำล ไม่ทำลายสิ่งแวดล้อม FREE Paraben ไร้สารกันเสียตทค้าง 118 FREE Ammonia ไม่มีกลิ่นอุนแสบจมูก FREE FREESLS SLS อ่อนโยน ไม่กัดผิว FREE Formaldehyde หมดกังวลเรื่องสารระเหย""",,,Uncategorized,,,122136061227113602.jpg,233963,1920,1920,d26ced9990b855fd9c69c59927fb490668e2dcc78b4a93785a7c1f0c4e8a92c3,201ca9185c0a3dcb91048c13c8dc8f203e6078a868b938872114ea3c3b86a1a4,25.0,2026-07-11T12:27:17.102696
CM-122126981439113602,local_assets,122126981439113602,,,,Uncategorized,,,122126981439113602.jpg,129972,1000,1000,66907c9865bf42a1ce21b0d93d4b0c8cbe833fc056caf95b31b5198e0b65208a,07f805724d6d004eac842989c92a1d4aa38cad85d5fb435d379a5dad00b9966b,0.0,2026-07-11T12:27:17.119484
CM-122107000203113602,local_assets,122107000203113602,,,,Uncategorized,,,122107000203113602.jpg,128759,1080,1350,0aad472413c5ebfd1b8a58b6537f0e5fbe75d52b2ebd4dbdcd6cc99f6d4edcd6,07f805724d6d004eac842989c92a1d4aa38cad85d5fb435d379a5dad00b9966b,0.0,2026-07-11T12:27:17.142062
CM-122117266953113602,local_assets,122117266953113602,,,,Uncategorized,,,122117266953113602.jpg,134026,1080,1350,2100a803c6bf647d4666a5ebc0b5cf36f01ed665e609825b3be5f970f8476113,07f805724d6d004eac842989c92a1d4aa38cad85d5fb435d379a5dad00b9966b,0.0,2026-07-11T12:27:17.167988
CM-122135224509113602,local_assets,122135224509113602,อาจเป็นรูปภาพของ ผลิตภัณฑ์จัดแต่งทรงผม และ ข้อความ,,,Uncategorized,,,122135224509113602.jpg,292027,1280,1920,b26dbc47d0425d241d8ac10326796db4336514743987189e556f324f14ad6d87,684ea2bf289ab761546a8bf4481fa0489981474bdb7b800347d592f715932541,25.0,2026-07-11T12:27:17.218845
CM-122138694027113602,local_assets,122138694027113602,"อาจเป็นรูปภาพของ ‎ข้อความพูดว่า ""‎สลายคราบมัน สลายค ราบ มัน คราบไหม้ฝังแน่น κι หม้ ฝัง ฝงแน่น น่น คราบ 吉出ぎし 2e KCISI 道o CIGIAY ชมัพ ز আভুলাম‎""‎",,,Uncategorized,,,122138694027113602.jpg,231657,2048,2048,189086981f2930085294c56883005ae0fe640dd04a49069758bdf849ae330c74,9224758f438595ee3e7d7286627b8b9bfc8ab7936ad89163aa10a0aac45a169d,25.0,2026-07-11T12:27:17.237213
CM-122116912965113602,local_assets,122116912965113602,,,,Uncategorized,,,122116912965113602.jpg,155910,1080,1350,24ee250d14653579b419d89e5335a86bcc827fdcc9f331599beb8fe5621af073,07f805724d6d004eac842989c92a1d4aa38cad85d5fb435d379a5dad00b9966b,0.0,2026-07-11T12:27:17.253412
CM-122136061233113602,local_assets,122136061233113602,"อาจเป็นรูปภาพของ ข้อความพูดว่า """"ความปลอดภัยขั้นสุด"" ขึ้น สุด"" ""ควา ปลอด ภัย ของทุกคนในบ้าน ทุก ค ใน บ้าน ของทุก ของ""",,,Uncategorized,,,122136061233113602.jpg,266838,1920,1920,bbe2650a87cfbf85f5918db53a0890e3e406bcae3079cc340db57e5299ada8c8,85491c2bc01229f52098b68eee16ab582e50c8788b67e0d048955bf3f2caeb43,25.0,2026-07-11T12:27:17.280813
CM-122138693979113602,local_assets,122138693979113602,อาจเป็นรูปภาพของ ข้อความ,,,Uncategorized,,,122138693979113602.jpg,250159,2048,2048,757295730113472abdbf753eeb005330beca977bdf8dd2003b9d2675b7eecf72,12fcd43a840577f9be49571a390365ff36bedc9c7cd0e627e30a513246013893,25.0,2026-07-11T12:27:17.302313
CM-122111005803113602,local_assets,122111005803113602,,,,Uncategorized,,,122111005803113602.jpg,186048,1080,1350,35b8cc5994976c0b7c61f6f4e3e542a842ca18c3759c223fd3850bd2138b3f4f,07f805724d6d004eac842989c92a1d4aa38cad85d5fb435d379a5dad00b9966b,0.0,2026-07-11T12:27:17.326507
CM-122127946281113602,local_assets,122127946281113602,"อาจเป็นรูปภาพของ ผลิตภัณฑ์จัดแต่งทรงผม และ ข้อความพูดว่า ""5จุดท่ 5จุดที่ควรทำความสะอาด ควา รทำ ความสะอาด ก่อนสงกรานต์ รานต์ ก่อ นสง กระจก พื้นบ้าน ลูกมิดประตู C మಜಳహಿದೆ ภต๘ พืนที่ทำงาน CAPTAHH WA ทิ'1 0 Lttna ห้องครัว កមម្សស ว้ดังหร่เมช ซ้มล่า 中ニ MIt! CAPTAIN MAID ก๊ปคังเบต""",,,Uncategorized,,,122127946281113602.jpg,328601,1920,1920,03b7dc5fc4aef155043c6cf5a6c7139541ab4be4f1f331fee43fc255553725ae,6845a110c975e535a89816cbbb09ee6448d0c7a7b0f275fe609e7e8f1fc373b4,25.0,2026-07-11T12:27:17.348257
CM-122136204573113602,local_assets,122136204573113602,อาจเป็นรูปภาพของ ผลิตภัณฑ์จัดแต่งทรงผม และ ข้อความ,,,Uncategorized,,,122136204573113602.jpg,644282,1920,1920,9a9f0e32207dd1d7b70e60b0e1ad14e0c937ae6b82f27178e13e217c58a07dfe,684ea2bf289ab761546a8bf4481fa0489981474bdb7b800347d592f715932541,25.0,2026-07-11T12:27:17.383436
CM-122132704389113602,local_assets,122132704389113602,"อาจเป็นรูปภาพของ ข้อความพูดว่า ""CΑPTΑH MAID กัมเดั้งแบน กูรอบเดียว.. เดียว.. กูรอบ บ้านก็สะอาด อาด บ้าน ก็สะ SpLA ၀သပူ กลิ่นลาเวนเดอร์เคอรี่ เคอรี่""",,,Uncategorized,,,122132704389113602.jpg,555187,1920,1920,b435a287cabb6d91e69accf61868ed269e65f26eb77c468848ed51b8459f1f5e,50bcc4ef79aa5c642357767ce4751ab18c5cf1599d6f7589ae072df888ee984b,25.0,2026-07-11T12:27:17.409993
CM-122131743039113602,local_assets,122131743039113602,"อาจเป็นรูปภาพของ ผลิตภัณฑ์จัดแต่งทรงผม, ร้านซักผ้า และ ข้อความ",,,Uncategorized,,,122131743039113602.jpg,285266,1154,1363,5bb04faa34d0d3c090119741943b55e01f60ade6e5fffdf2aabc800c531ef0ec,dcf6b93c1a06cde4dc80e68c3e34206d33a4a30e695bfe0c6641ec46c1a4521d,25.0,2026-07-11T12:27:17.431040
CM-122127634731113602,local_assets,122127634731113602,,,,Uncategorized,,,122127634731113602.jpg,120898,1200,1200,e1df5468e6e8e05731cf6ef952efed3a59e26e495a135a2ebe5e785c570e97ee,07f805724d6d004eac842989c92a1d4aa38cad85d5fb435d379a5dad00b9966b,0.0,2026-07-11T12:27:17.452355
CM-122119649739113602,local_assets,122119649739113602,,,,Uncategorized,,,122119649739113602.jpg,153922,1080,1350,c1bd34a6fe25d4f215397ea91606e3d1709896c487cc7db7c87f53b8063cc6b9,07f805724d6d004eac842989c92a1d4aa38cad85d5fb435d379a5dad00b9966b,0.0,2026-07-11T12:27:17.482021
CM-122125177023113602,local_assets,122125177023113602,,,,Uncategorized,,,122125177023113602.jpg,178645,1000,1000,34cc4f3e195a1125013890a21f2021d86992f59226dd7261a8dc572e56d8e9b2,07f805724d6d004eac842989c92a1d4aa38cad85d5fb435d379a5dad00b9966b,0.0,2026-07-11T12:27:17.514497
CM-122127429783113602,local_assets,122127429783113602,,,,Uncategorized,,,122127429783113602.jpg,172333,1000,1000,2e75f50193c42e40993d72250daef6971d1ed15627562741b68bda14560f976b,07f805724d6d004eac842989c92a1d4aa38cad85d5fb435d379a5dad00b9966b,0.0,2026-07-11T12:27:17.554620
CM-122124017895113602,local_assets,122124017895113602,,,,Uncategorized,,,122124017895113602.jpg,131347,1080,1350,ec27a8f84919657eb61e54b7be585ef0134d08594a4bdd9383d759f604460b0e,07f805724d6d004eac842989c92a1d4aa38cad85d5fb435d379a5dad00b9966b,0.0,2026-07-11T12:27:17.577978
CM-122135472729113602,local_assets,122135472729113602,อาจเป็นรูปภาพของ ผลิตภัณฑ์จัดแต่งทรงผม และ ข้อความ,,,Uncategorized,,,122135472729113602.jpg,234260,960,1920,284a3619b6060ea028d7b94568cb5f4389b4e2d9d4ce06d72e5258c8b091fedc,684ea2bf289ab761546a8bf4481fa0489981474bdb7b800347d592f715932541,25.0,2026-07-11T12:27:17.599701
CM-122105928525113602,local_assets,122105928525113602,,,,Uncategorized,,,122105928525113602.jpg,171780,1080,1350,deea85c40b540402c690ff99c6599c8ea8d07579b4d48c875a04b481b64eba17,07f805724d6d004eac842989c92a1d4aa38cad85d5fb435d379a5dad00b9966b,0.0,2026-07-11T12:27:17.618083
CM-122133653475113602,local_assets,122133653475113602,"อาจเป็นรูปภาพของ ผลิตภัณฑ์จัดแต่งทรงผม และ ข้อความพูดว่า ""CAPTAIN MAID กัปดับเบด เพราะทุกการเรียนร้... เรียนรู้... ทุกการ เริ่มต้นจากพื้น เริ่ม เจาก พื้น แม่มั่นใจ กัปตันเมด กัป သဒသ်ဆါုုး CAPTAIN MATD ΤeTαлaиH นิทพุทอม រ្រមាតាសែរញម dlesAhpiad FRIENDLY GENTLE ON FLOOR PLANT BASED น้ำยาทำความสะอาดพื้น CAPTAIN TOU/2LPASLILIL ป้าทำควมนสะจาดพื่น MAID TEA TREE FLASH, FLORAL PASSIONNATE, LAVENDER KERRY ถูกใจบ้าน สะอาดแบบใจคุณ""",,,Uncategorized,,,122133653475113602.jpg,241501,1080,1350,2b539db4deaa1b7a73b17b7a5311ccc50c29060cffd9cb32885c16ac5737e0da,e6a3c15c3709e775ea50375b3071f0ed0fbe803a10c8df82677b69d683bcf6e5,25.0,2026-07-11T12:27:17.657556
CM-122138187465113602,local_assets,122138187465113602,อาจเป็นรูปภาพของ ผลิตภัณฑ์จัดแต่งทรงผม และ ข้อความ,,,Uncategorized,,,122138187465113602.jpg,248303,1363,2048,8f8444a98cde8c3bf4af8d88bbe6050d397c1bf0c43085c2e219ad66d8c8595f,684ea2bf289ab761546a8bf4481fa0489981474bdb7b800347d592f715932541,25.0,2026-07-11T12:27:17.682662
CM-122131576587113602,local_assets,122131576587113602,"อาจเป็นรูปภาพของ ผลิตภัณฑ์จัดแต่งทรงผม และ ข้อความพูดว่า ""HomePro Pro คุ้ม2 คุ้ม กัปตันเมด คุ้ม1 ถูกกว่า ซื้อคู่. คุ้ม2 ซื้อ4ขวด ซื้อ รับฟรี CARTAIN បាសាតសរោប ទបប់សាត ប្រ៉ើា รดาอ พิเศษ 120 U. 2 2ขวด 2ขวดราคาปกติ158 ราคาปกติ 158 U. CAPTAÍN MAID Ws แก้วเท็บ ความเย็น มูลค่า มูลค่า259 259 บาท CAPTAIN MAID เกัปดลันพนศ 1 พ.ค. 2569 31 2569-31w.A.2569 พ.ค. 2569 หรือจนกว่าสินค้าจะหมด""",,,Uncategorized,,,122131576587113602.jpg,420435,1447,2048,666ca3e79497c620e885e495db5c2af4bb54d57cbbc448cb6e9908ce332fccd3,406a160df0de0230e48859e4d43ec3c196729cfa84b0a06cb63102bfd011d32c,25.0,2026-07-11T12:27:17.711824
CM-122126114217113602,local_assets,122126114217113602,,,,Uncategorized,,,122126114217113602.jpg,130257,1080,1350,5aeed5e7a2d14657aea17ae3b0b564ed1683b4d61fdfbb41d76f60e85e7bda90,07f805724d6d004eac842989c92a1d4aa38cad85d5fb435d379a5dad00b9966b,0.0,2026-07-11T12:27:17.730864
CM-122136990015113602,local_assets,122136990015113602,"อาจเป็นรูปภาพของ ‎ผลิตภัณฑ์จัดแต่งทรงผม และ ‎ข้อความพูดว่า ""‎""ผู้ ""ผู้พิทักษ์"" พิทัท ทัก تی ความสะอา ความสะอาดในห้องนำ ใน นห้อง นำ คราบหนักเอาอยู่ ออกฤ ออกฤทธิ์ลำลึก ว้ลึก CAPTAIN ""MA10 MAIO เนียจันบาค‎""‎‎",,,Uncategorized,,,122136990015113602.jpg,693892,1920,1920,d1f6e3f15626812d993a5bc4962efd6a7341ed5b664f235ef14b06b78da15116,abb966b86ebb625b7a9c354823c55135a13c4e21fd084f7c61afb12b69a4669d,25.0,2026-07-11T12:27:17.757344
CM-122132245605113602,local_assets,122132245605113602,อาจเป็นรูปภาพของ ผลิตภัณฑ์จัดแต่งทรงผม และ ข้อความ,,,Uncategorized,,,122132245605113602.jpg,2118593,1920,1920,fa0b9c5989d72d45868c7568fa87a4729ec579ba21981aadea01ac7e87836be8,684ea2bf289ab761546a8bf4481fa0489981474bdb7b800347d592f715932541,25.0,2026-07-11T12:27:17.815868
CM-122112621597113602,local_assets,122112621597113602,,,,Uncategorized,,,122112621597113602.jpg,98720,1080,1080,e537e1c2b7895a1269cae4f09d1db31e118cd55009a4d7be4ae3b68a8f6f26ee,07f805724d6d004eac842989c92a1d4aa38cad85d5fb435d379a5dad00b9966b,0.0,2026-07-11T12:27:17.836503
CM-122132245683113602,local_assets,122132245683113602,อาจเป็นรูปภาพของ ผลิตภัณฑ์จัดแต่งทรงผม และ ข้อความ,,,Uncategorized,,,122132245683113602.jpg,383845,1920,1920,db5d682bca5af7db6d3f52641b4db92935b4af6fb75e7ed6e163b267511fd2de,684ea2bf289ab761546a8bf4481fa0489981474bdb7b800347d592f715932541,25.0,2026-07-11T12:27:17.866004
CM-122111522571113602,local_assets,122111522571113602,,,,Uncategorized,,,122111522571113602.jpg,206011,1080,1350,51fd43e28ad8ea41257c872c0be7a032fa82689cf1967c914dfc18368a58a2b7,07f805724d6d004eac842989c92a1d4aa38cad85d5fb435d379a5dad00b9966b,0.0,2026-07-11T12:27:17.890641
CM-122135224533113602,local_assets,122135224533113602,"อาจเป็นรูปภาพของ ผลิตภัณฑ์จัดแต่งทรงผม และ ข้อความพูดว่า ""กลิ่นทีทรี เฟรช สดชื่น โปรง โล่ง สะอาดมั่นใจ ኢትትማዲያ 入尚 H15 Dakta Kepp 한고""",,,Uncategorized,,,122135224533113602.jpg,352282,1924,1924,241cd0742761fe8b49242b743131de8c139706c73eb0bd9beeff04cdbca081d2,7c107032392ee267256c3135ccdf1d842de85d8c04c09b7467b9fabd2400c3e7,25.0,2026-07-11T12:27:17.922375
CM-122114804007113602,local_assets,122114804007113602,,,,Uncategorized,,,122114804007113602.jpg,194015,1620,1080,1c5ac81a6bf3e92b7e0ee0ff2456b60aa92642e1f90fd2f3f477a6833badfe2d,07f805724d6d004eac842989c92a1d4aa38cad85d5fb435d379a5dad00b9966b,0.0,2026-07-11T12:27:17.943823
CM-122126441949113602,local_assets,122126441949113602,,,,Uncategorized,,,122126441949113602.jpg,263997,2400,1000,3567c470f846135fdaa26738e54b5b51d66650cee7392bb17bb8f408e71041ae,07f805724d6d004eac842989c92a1d4aa38cad85d5fb435d379a5dad00b9966b,0.0,2026-07-11T12:27:17.977922
CM-122132245731113602,local_assets,122132245731113602,"อาจเป็นรูปภาพของ ‎ผลิตภัณฑ์จัดแต่งทรงผม และ ‎ข้อความพูดว่า ""‎خنمست eate CAPTAM CAPTAR MAH TeCTиa ትስ. ทส コー AHI ac Tea Tree Flash หอมสดชื่น โปร่ง โล่ง แบบสปา‎""‎‎",,,Uncategorized,,,122132245731113602.jpg,385871,1920,1920,c22a5b0938110cd1af6351d5efb580b0853d420d69e0243a777f593c9869ba06,04a5a1b5b2877dad014f0a7835de0bdad679e34a0517fb1de074026ae5166cb6,25.0,2026-07-11T12:27:18.010572
CM-122138187453113602,local_assets,122138187453113602,อาจเป็นรูปภาพของ ข้อความ,,,Uncategorized,,,122138187453113602.jpg,756780,1920,1920,f4bb8e19a1ef9cc8f68f580bffa70bdaae6cacb3414579e616d5e5ca77220cc2,12fcd43a840577f9be49571a390365ff36bedc9c7cd0e627e30a513246013893,25.0,2026-07-11T12:27:18.043298
CM-122128652283113602,local_assets,122128652283113602,"อาจเป็นรูปภาพของ หนึ่งคนขึ้นไป และ ข้อความพูดว่า ""CAPTAIN MAID ญ ติ ญาติมาบ้านบ่อย บ้านบ่วย บ้าน บ่อย สัสบาล ญาติ มาบ้าน มา ช่วงนี้ ต้อง ช่งี..ต้องดูแลจุดไหนเป็นพิศษ เป้ พิเศษ ต้องดูแ งดูแ เลจุดไห ไห เป็น""",,,Uncategorized,,,122128652283113602.jpg,270540,960,1919,4f294989f78541d6e4585e2f679b8b50eef9ee4d6b35c18c90d570f9c8c72f36,521d7c3ccbe70ffa777626b0c797ee75d2b90f573aba05173f662fd28616f560,25.0,2026-07-11T12:27:18.066481
CM-122131578633113602,local_assets,122131578633113602,"อาจเป็นรูปภาพของ ‎ข้อความพูดว่า ""‎CAPTAIN MAID บ้านเหม็นทั้งที่เพิ่งถู? ที่เ บ้าน เหม็น ทั้ง នាករមន 店れり จบก จบกลิ่นค้าง. ลื่น เค้าง. จบกลิ่นค้าง..ตั้งแต่ครั้งแกที่ไช ตั้ง ตั้งแต่ครั้งแรก เต่ ครั้งแรกที่ใช้ ที่ใช้ รั้ง ج‎""‎",,,Uncategorized,,,122131578633113602.jpg,279956,1920,1920,070345fa116e4e364742dfb6471260558b2841e0ecc3ef5fd6c190ec618bad4f,98b5c01f7af7fdb7c6a11bedea743803d1e68d0c1a38422bca94fea28f55f77f,25.0,2026-07-11T12:27:18.088325
CM-122136204579113602,local_assets,122136204579113602,อาจเป็นรูปภาพของ ผลิตภัณฑ์จัดแต่งทรงผม และ ข้อความ,,,Uncategorized,,,122136204579113602.jpg,1744468,1280,1920,2b6979e6c864b53b782391b194ab7f69ccc68b55debd1a6b72a8d15b50f2affa,684ea2bf289ab761546a8bf4481fa0489981474bdb7b800347d592f715932541,25.0,2026-07-11T12:27:18.147885
CM-122138376759113602,local_assets,122138376759113602,"อาจเป็นรูปภาพของ ‎ผลิตภัณฑ์จัดแต่งทรงผม และ ‎ข้อความพูดว่า ""‎สลายคราบหนัก ดับกลิ่นอาหาร ดับก ลื่น เอา หาร สลาย หนัก ดับกลิ่น ในขวดเดียว ใน ในขวด ดเดียว สลายคราบมันและคราบฝังแน่น ไม่ต้องออกแรงขัด ดับกลิ่นคาวอาหาร 2 เท่า* ด้วย Essential Oil TAPTAR MA MONO อ่อนโยนจากธรรมชาติ รมชาติ ไม่กัดกร่อนผิวครัว ป้ำสุสัายระราอลัว Kitchen ជម៥ Vitchen Multi- Purpose Cleaner หะเราเครัง หว่ง อยู่หมด ะ่หนัด יהוס Citru dxpre‎""‎‎",,,Uncategorized,,,122138376759113602.jpg,460489,2048,2048,3c31f6c168b7e9bba39acccdaa2f24fa4768975a67556791b25b9d826b41489a,ea8d0c33dfd420e3581400d38c3151a4173f2c55fce50245e7afff7d63824fae,25.0,2026-07-11T12:27:18.200048
CM-122116589529113602,local_assets,122116589529113602,,,,Uncategorized,,,122116589529113602.jpg,160640,1080,1350,9a6f279a88eade73ab37bfdb258efe8af324b4d59bd80699d4012b1c37463965,07f805724d6d004eac842989c92a1d4aa38cad85d5fb435d379a5dad00b9966b,0.0,2026-07-11T12:27:18.237041
CM-122119649697113602,local_assets,122119649697113602,,,,Uncategorized,,,122119649697113602.jpg,162557,1080,1350,2beb6f09f12326f3389ddda52e7536f99f58d0365ffff586e2037b9429e764bf,07f805724d6d004eac842989c92a1d4aa38cad85d5fb435d379a5dad00b9966b,0.0,2026-07-11T12:27:18.256526
CM-122136204567113602,local_assets,122136204567113602,"อาจเป็นรูปภาพของ ข้อความพูดว่า ""දුතිරිා S สารสกัดจากพืชธรรมชาติ จาก ชธรร มชาติ สารล สารสกัดจาก เช็ดคราบขนมหมดจด คราเ បើ ไร้สารตกค้าง ไร้สาร ค้าง""",,,Uncategorized,,,122136204567113602.jpg,511007,1920,1920,31fa94c116903dd2d83b6e321bd12676ec71d306b8ec4d346b984b1ea7017b51,3e7e84e40bb330ddd56610063dd8cdfcf4a9d2e05779880b9f376f3098b0d735,25.0,2026-07-11T12:27:18.282170
CM-122138694015113602,local_assets,122138694015113602,"อาจเป็นรูปภาพของ ข้อความพูดว่า ""ดับกลิ่นคาวอาหาร ดับท คาว อาหาร กลิ่นแรงแค่ไหน ડ กลิ่น ไหน ก็เอาอยู่ ក៏""",,,Uncategorized,,,122138694015113602.jpg,229066,2048,2048,39f6e13c325f9650a9866bee61696dfbc8317a136e540380768afef2d375f6b3,e3049c81daf3b9a4dfb9e301901f969d1d2db5f13def9aad48c511a2429c853b,25.0,2026-07-11T12:27:18.302979
CM-122130715881113602,local_assets,122130715881113602,"อาจเป็นรูปภาพของ ‎ผลิตภัณฑ์จัดแต่งทรงผม และ ‎ข้อความพูดว่า ""‎เพลง เพลงโปรด+ ทำความสะอาด =ชาร์จพลัง ككام HEAL Healing by Cleaning สายฮีลใจได้ด้วยงานบ้าน จุดเด่น การทำความสะอาด การทำความสะอาดะการดูแลใจตัวเอง การดูแลใจตัวเอง ชอบเปิดเพลง ทำบ้านชิลๆ ได้ทั้งความ สะอาดและความสงบ บ้านสะอาดสำหรับเค้า คือพื้นที่อีล พลังชีวิต แนะนำ น้ำยาดูพื้นกลิ่นหอมผ่อนคลาย ผลิตภัณฑ์สูตรอ่อนโยน กลิ่นหอมติดบ้าน 유구밥산 oe -‎""‎‎",,,Uncategorized,,,122130715881113602.jpg,361957,1920,1920,556e3ffb277cc70ba5c4fe45a3de712ce2247f0fcf568e5aa3c74d056d604a8f,96fa714c873f8f3d9f9fc887a824451a5f9ed1bcf9c5dfcfdbf01626c8fb9b53,25.0,2026-07-11T12:27:18.332252
CM-122131576515113602,local_assets,122131576515113602,อาจเป็นรูปภาพของ ข้อความ,,,Uncategorized,,,122131576515113602.jpg,545571,1477,1108,42452862f15f681d96b68ac15184d2a52fe7ac5a605c2f2e018e616f5f843aa5,12fcd43a840577f9be49571a390365ff36bedc9c7cd0e627e30a513246013893,25.0,2026-07-11T12:27:18.359724
CM-122118394929113602,local_assets,122118394929113602,,,,Uncategorized,,,122118394929113602.jpg,199992,1080,1350,f9aba761f5732299ba9695bf93145426728530e24ef2e1c568d300077d313ea5,07f805724d6d004eac842989c92a1d4aa38cad85d5fb435d379a5dad00b9966b,0.0,2026-07-11T12:27:18.384537
CM-122139189381113602,local_assets,122139189381113602,อาจเป็นรูปภาพของ ข้อความ,,,Uncategorized,,,122139189381113602.jpg,780850,1920,1920,a1bfc16c10ae9854f7c2a2f494592bbbb62add7872b013b58100283b98bde83e,12fcd43a840577f9be49571a390365ff36bedc9c7cd0e627e30a513246013893,25.0,2026-07-11T12:27:18.419077
CM-122134357275113602,local_assets,122134357275113602,"อาจเป็นรูปภาพของ ข้อความพูดว่า ""3 PARABEN FREE ปกป้องผิวบอบบาง ป้อง ปกปั อบบาง บาง จากการสัมผัสพื้นโดยตรง โด ยตรง จากทา ผัส นโดยตร น้ำยาทำความสะอาดพื้น CAPTAIN MAID""",,,Uncategorized,,,122134357275113602.jpg,239669,1920,1920,c445347f2a89d392b152b45cb4c21c082b0c705464c65e75257c196b2ba7a783,4e957a949f423e0a58142503158f09fe82c0ac7823f008eec8002bb9f1dfbea0,25.0,2026-07-11T12:27:18.459209
CM-122136487323113602,local_assets,122136487323113602,"อาจเป็นรูปภาพของ ‎ผลิตภัณฑ์จัดแต่งทรงผม และ ‎ข้อความพูดว่า ""‎น้ำ นำยาดูพื้น ยาถู พื้น สำหรับหุ่นยนต์กูพื้น ลำ หรับ ยน ต์ดู พื้น ไม่ทิ้งฟิล์ม ตกค้างกวนระบบ พื้นแห้งไว ไม่เหนียว อ่อนโยน ต่อบ้านและคนที่คุณรัก IGICI CAMEIN مشته ဗက်ထါ်နိုး LAPIL BaTWRet บรลกกท בשחשר שעמ 感好究 สนรรณักด์ ""ជាុ‎""‎‎",,,Uncategorized,,,122136487323113602.jpg,600254,1920,1920,26bc0e3da548dd35048ff4aed94ce7590302eab80f391a6c93c20b52a91e57d4,4dc6f32f6251009df43ff7619070d310c3dcac67b4842b17477ce35ef904c341,25.0,2026-07-11T12:27:18.502463
CM-122112935127113602,local_assets,122112935127113602,,,,Uncategorized,,,122112935127113602.jpg,155910,1080,1350,24ee250d14653579b419d89e5335a86bcc827fdcc9f331599beb8fe5621af073,07f805724d6d004eac842989c92a1d4aa38cad85d5fb435d379a5dad00b9966b,0.0,2026-07-11T12:27:18.538813
CM-122124017853113602,local_assets,122124017853113602,,,,Uncategorized,,,122124017853113602.jpg,138007,1080,1350,f2c2c21c9268fbf6314e234b0d1c87d78a90a534fa9f57873878a3ccd8b988ce,07f805724d6d004eac842989c92a1d4aa38cad85d5fb435d379a5dad00b9966b,0.0,2026-07-11T12:27:18.559184
CM-122134357251113602,local_assets,122134357251113602,"อาจเป็นรูปภาพของ ผลิตภัณฑ์จัดแต่งทรงผม และ ข้อความพูดว่า ""4 AMMONIA FREE ไร้กลิ่นอุนแสบจมูก ไร้ท อ่อนโยนต่อระบบทางเตินหายใจ หายใจ น้ำยาทำความสะอาดพื้น ทำความ CΑΡΤΑΙH MAID""",,,Uncategorized,,,122134357251113602.jpg,217041,1920,1920,222c3e597e173c8ae40c71b164a2c9427c82b2583f2174c99d927bdbcc828770,125a1f4a033e6364adad071f555d918809e3b5fe50a9aee4fe22145ca8449cb0,25.0,2026-07-11T12:27:18.579688
CM-122137138857113602,local_assets,122137138857113602,"อาจเป็นรูปภาพของ ผลิตภัณฑ์จัดแต่งทรงผม และ ข้อความพูดว่า ""ปัญหา หา ที่กวนใจ นใจ คำตอบ คำ ตอบ ที่ใช่ ขัดห้องน้ำจนปวดหลัง คราบหินปูน คราบสบู่ ขัดเท่าไหร่ก็ไม่ออก กลิ่นอับในห้องน้ำ แก้ไม่เคยหาย ฉีดทิ้งไว้แล้วล้างออก ไม่ต้องขัด 99.9% Anti- Anti-Bac กำจัดต้นตอกลิ่นอับ และราดำ น้ำยาล้างห้องน้ำ กลิ่นอุนแสบจมูก กลิ่นอุน แสบจมูก กลิ่นหอมสะอาด กลิ่น มสะ ไม่ฉุน ไม่แสบจมูก""",,,Uncategorized,,,122137138857113602.jpg,148977,1080,1350,204a0fdd5eeb428d71862b6ffab59e784acc4413e0298187e35149892bca5edc,ebaa58b5ea869724243beb5ea3a467b3ffbc4cc9fb380bf64e11413de01abae2,25.0,2026-07-11T12:27:18.598217
CM-122131496835113602,local_assets,122131496835113602,"อาจเป็นรูปภาพของ ‎ข้อความพูดว่า ""‎CAPTAIN MAID อีโดิเต์ 클명소 กลิ่นสะอาด กลิ่น ะอาด สดชื่น... ในทุกมุมของบ้าน ของ ក ราบท่ม ا د N N‎""‎",,,Uncategorized,,,122131496835113602.jpg,254724,1960,1960,c5d9f3787e444b468152582e5ff18819f501a494d5cdc14aeed389fb84bb1c3b,81019f226ebfb2220bddf302b6db54216ff18ee35c9e1a0879aeea32806ee05e,25.0,2026-07-11T12:27:18.620041
CM-122114804049113602,local_assets,122114804049113602,,,,Uncategorized,,,122114804049113602.jpg,111724,1080,1080,0d6bdc3eba7ec26f8fd0d46c4b018e14b7b8211288b040bdfa3ba124f1c1e1ab,07f805724d6d004eac842989c92a1d4aa38cad85d5fb435d379a5dad00b9966b,0.0,2026-07-11T12:27:18.640713
CM-122114804121113602,local_assets,122114804121113602,,,,Uncategorized,,,122114804121113602.jpg,118886,1080,1080,4895521a18b27eb74b0a0a9f439e82e23f61a74b6181ba295522f08de9811e85,07f805724d6d004eac842989c92a1d4aa38cad85d5fb435d379a5dad00b9966b,0.0,2026-07-11T12:27:18.665922
CM-122124292923113602,local_assets,122124292923113602,,,,Uncategorized,,,122124292923113602.jpg,86123,1200,500,2ea4d9c31b43d4684a3caffa7acaa52ac2d39dbdc0a956160be2c25ed4a0862a,07f805724d6d004eac842989c92a1d4aa38cad85d5fb435d379a5dad00b9966b,0.0,2026-07-11T12:27:18.686157
CM-122126981559113602,local_assets,122126981559113602,,,,Uncategorized,,,122126981559113602.jpg,91807,1080,1080,2d9c61165f1eebe53e9da6451a01d9f7dd06ba9f96884c1e44811ba2478c0348,07f805724d6d004eac842989c92a1d4aa38cad85d5fb435d379a5dad00b9966b,0.0,2026-07-11T12:27:18.708169
CM-122124809877113602,local_assets,122124809877113602,,,,Uncategorized,,,122124809877113602.jpg,264518,1920,1920,bfd0900dfae67043f70f6d4b0758ca19ae2d78bec05e26c677fdd905e04e4f4d,07f805724d6d004eac842989c92a1d4aa38cad85d5fb435d379a5dad00b9966b,0.0,2026-07-11T12:27:18.730522
CM-122136484353113602,local_assets,122136484353113602,"อาจเป็นรูปภาพของ ข้อความพูดว่า ""CAPTAIN MAID กับ ตัน กัปตันเมด มด""",,,Uncategorized,,,122136484353113602.jpg,145586,2048,2048,086bb035632297dfdf5013b0d82d7fab30d98a57bb8f488c8102c0e0cd91f0ce,7fc3931b3a130f28b760f68144dbc04b45cb2ca2381d40b592536cca5441d52e,25.0,2026-07-11T12:27:18.747646
